amount,is_fraud,transaction_time,location,device_type,merchant_category,upi_id,transaction_frequency,num_transactions_24hrs,num_transactions_48hrs,time_since_last_transaction
440.67,0,15-01-2025 01:08,Karnataka,Trusted,Fashion,udantmani@sbi,1,0,6,49
3842.08,0,17-01-2025 08:08,Manipur,Trusted,Others,sekhonmanan@kotak,2,5,9,50
5751.29,0,01-01-2025 11:34,Himachal Pradesh,Trusted,Fashion,reyansh78@sbi,1,4,8,57
106.71,0,07-01-2025 11:17,Rajasthan,Trusted,Food,sgarde@sbi,2,1,5,44
3718.79,0,02-01-2025 17:24,Arunachal Pradesh,Trusted,Fashion,bhandariyatan@axisbank,2,2,6,34
7745.02,0,04-01-2025 22:38,Goa,Trusted,Electronics,shethanthony@sbi,1,3,11,39
6107.68,0,09-01-2025 18:21,Meghalaya,Trusted,Electronics,dipta08@axisbank,3,4,10,69
5027.32,0,13-01-2025 15:10,Goa,Trusted,Others,harrisonlala@sbi,1,0,9,38
82.43,0,06-01-2025 19:55,Odisha,Trusted,Grocery,yadavikrishnamurthy@yesbank,1,0,1,23
1192.7,0,09-01-2025 18:51,West Bengal,Trusted,Travel,santbaljiwan@yesbank,1,0,10,76
1493.67,0,02-01-2025 13:46,Uttar Pradesh,Trusted,Electronics,prabhakarwakeeta@kotak,1,3,6,19
1238.3,0,14-01-2025 02:19,Nagaland,Trusted,Fashion,sanihenry@sbi,3,4,13,68
2169.28,0,23-01-2025 10:40,Kerala,Trusted,Electronics,dakshrattan@axisbank,1,3,5,20
1187.68,0,16-01-2025 13:24,Bihar,Trusted,Fashion,ybarman@paytm,3,2,4,20
6452.15,0,18-01-2025 17:02,Jharkhand,Trusted,Others,tprabhakar@axisbank,2,3,12,86
7284.24,0,15-01-2025 01:11,Sikkim,Trusted,Grocery,ldin@icici,2,2,10,33
7801.99,1,20-01-2025 22:41,Korba,Trusted,Food,qarinuppal@paytm,2,19,28,0
5601.87,0,01-01-2025 16:44,Telangana,Trusted,Electronics,cradhakrishnan@yesbank,1,1,8,86
6357.45,0,07-01-2025 04:13,Telangana,Trusted,Grocery,manya66@sbi,1,4,9,98
1270.35,0,06-01-2025 20:04,West Bengal,Trusted,Travel,anjalichokshi@sbi,1,2,3,29
2557.22,0,23-01-2025 04:08,Himachal Pradesh,Trusted,Travel,borakamya@yesbank,2,1,10,94
648.15,0,18-01-2025 14:53,Bihar,Trusted,Electronics,avig@axisbank,3,5,15,78
9742.11,0,08-01-2025 09:42,Bihar,Trusted,Others,suleirya@icici,3,1,5,49
8444.65,0,07-01-2025 09:12,Sikkim,Trusted,Electronics,patrick35@paytm,2,1,1,11
7998.87,0,18-01-2025 00:56,Meghalaya,Trusted,Fashion,fsabharwal@icici,2,0,4,97
5593.56,0,17-01-2025 22:04,Arunachal Pradesh,Trusted,Food,tkrish@yesbank,1,2,4,60
3875.53,0,22-01-2025 20:43,Manipur,Trusted,Electronics,ezacharia@icici,1,3,12,17
371.53,0,07-01-2025 13:19,Andhra Pradesh,Trusted,Others,lila45@kotak,1,2,5,30
7038.76,0,20-01-2025 20:20,Punjab,Trusted,Food,amalhotra@yesbank,1,3,12,68
1047,0,12-01-2025 06:53,Andhra Pradesh,Trusted,Fashion,rudrabaral@icici,2,1,9,16
1355.52,0,08-01-2025 06:51,Mizoram,Trusted,Fashion,okumer@sbi,2,3,4,26
923.32,0,03-01-2025 13:58,Odisha,Trusted,Grocery,fitan40@hdfcbank,3,5,11,82
6271.78,0,11-01-2025 17:13,West Bengal,Trusted,Electronics,hchoudhry@paytm,1,2,11,42
2155.45,0,12-01-2025 05:15,Sikkim,Trusted,Travel,shanamrita@kotak,1,1,8,66
2855.26,0,02-01-2025 02:04,Punjab,Trusted,Food,cchaudhary@paytm,1,2,5,28
4652.57,1,14-01-2025 05:42,Hosur,Untrusted,Food,deshmukhyoshita@kotak,10,8,11,10
8051.62,0,03-01-2025 09:39,Tamil Nadu,Trusted,Electronics,quincy12@axisbank,3,1,11,88
2097.57,0,14-01-2025 17:23,Madhya Pradesh,Trusted,Travel,karandani@icici,3,4,11,58
7934.72,0,24-01-2025 02:55,Uttarakhand,Trusted,Others,tanvi28@paytm,2,3,12,98
4444.51,0,04-01-2025 04:39,Sikkim,Trusted,Others,butalaishaan@axisbank,2,5,15,23
9902.91,0,21-01-2025 04:51,Uttarakhand,Trusted,Others,pooja75@sbi,3,4,14,91
6574.41,0,03-01-2025 06:23,Odisha,Trusted,Fashion,tristanshanker@axisbank,3,3,9,49
3482.87,0,15-01-2025 12:50,Rajasthan,Trusted,Grocery,shroffnandini@icici,3,3,7,60
919.8,0,14-01-2025 14:16,Karnataka,Trusted,Grocery,libnisharma@sbi,1,4,10,70
6322.1,0,08-01-2025 06:54,Sikkim,Trusted,Fashion,nilima21@icici,1,1,11,85
5792.72,1,04-01-2025 02:15,Pudukkottai,Untrusted,Travel,yatinkapadia@axisbank,7,7,16,9
920.93,0,11-01-2025 08:05,Odisha,Trusted,Electronics,gmitra@yesbank,3,4,5,23
5496.76,0,13-01-2025 10:17,Madhya Pradesh,Trusted,Grocery,gautamikapoor@yesbank,2,4,14,58
531,0,11-01-2025 03:25,Telangana,Trusted,Grocery,psamra@paytm,3,3,3,83
1795.01,0,02-01-2025 19:07,Kerala,Trusted,Grocery,dayita60@paytm,2,4,6,28
3814.85,0,20-01-2025 15:20,Andhra Pradesh,Trusted,Electronics,christopherdeol@icici,2,4,14,75
4922.25,0,19-01-2025 14:41,Uttarakhand,Trusted,Grocery,varughesesamarth@hdfcbank,2,1,9,31
9743.28,0,15-01-2025 03:44,Himachal Pradesh,Trusted,Travel,olivergupta@sbi,1,1,2,81
2130.83,0,14-01-2025 07:31,Tamil Nadu,Trusted,Grocery,ekajadugar@axisbank,2,3,4,18
1812.84,0,06-01-2025 19:57,Sikkim,Trusted,Food,isha94@sbi,2,2,4,44
7420.81,0,18-01-2025 11:06,Punjab,Trusted,Grocery,yoshita37@hdfcbank,1,1,5,46
5223.3,0,10-01-2025 03:45,Nagaland,Trusted,Others,zaitramadan@axisbank,1,4,11,27
4538.79,0,23-01-2025 00:33,Telangana,Trusted,Fashion,palankrish@paytm,1,2,9,42
6731.8,0,01-01-2025 12:20,Telangana,Trusted,Travel,hiral02@sbi,2,2,6,94
1572.45,0,12-01-2025 09:34,Arunachal Pradesh,Trusted,Others,lalabrijesh@kotak,1,5,12,89
3783.11,0,21-01-2025 07:02,Arunachal Pradesh,Trusted,Others,nayakrajata@yesbank,1,1,3,61
8592.83,0,22-01-2025 05:05,Kerala,Trusted,Grocery,dbhatnagar@yesbank,1,5,10,95
6157.25,0,15-01-2025 12:45,Karnataka,Trusted,Electronics,beralila@sbi,2,4,10,85
9379.96,0,22-01-2025 18:05,Andhra Pradesh,Trusted,Electronics,vigsachi@sbi,2,5,10,42
2316.51,0,06-01-2025 12:24,Odisha,Trusted,Food,fvenkatesh@kotak,2,5,13,71
4992.28,0,17-01-2025 21:24,Tamil Nadu,Trusted,Electronics,nagarajanyatan@hdfcbank,2,0,1,16
9294.82,0,02-01-2025 13:57,Madhya Pradesh,Trusted,Food,vtalwar@sbi,2,0,0,66
6897.17,0,03-01-2025 07:08,Punjab,Trusted,Electronics,sharmamegha@hdfcbank,1,0,4,37
95.58,0,12-01-2025 01:11,Telangana,Trusted,Others,dasswatika@yesbank,2,0,5,35
8369.38,0,06-01-2025 11:53,Sikkim,Trusted,Others,pratyushminhas@kotak,2,1,6,43
3425.88,0,02-01-2025 03:30,Arunachal Pradesh,Trusted,Food,iravel@kotak,3,1,4,99
6931.87,0,12-01-2025 17:51,Andhra Pradesh,Trusted,Fashion,usharma@hdfcbank,1,5,12,96
2923.04,0,09-01-2025 15:26,Uttarakhand,Trusted,Fashion,desaiekaja@kotak,2,2,11,72
2774.66,0,08-01-2025 13:03,Karnataka,Trusted,Grocery,gchawla@sbi,2,0,2,65
5426.92,0,08-01-2025 06:43,Karnataka,Trusted,Fashion,bhatranbir@icici,2,4,4,53
9896.13,0,01-01-2025 10:49,Nagaland,Trusted,Others,nathanielagate@axisbank,2,5,11,35
3758.84,0,14-01-2025 00:27,Haryana,Trusted,Travel,chandresh03@kotak,1,1,1,29
4422.45,0,23-01-2025 08:54,Meghalaya,Trusted,Fashion,hredhaanmammen@icici,1,5,7,15
5479.59,0,16-01-2025 09:37,Kerala,Trusted,Food,yutika65@kotak,2,0,8,31
9965.61,0,02-01-2025 01:09,Assam,Trusted,Grocery,qdeshmukh@axisbank,1,0,5,57
7584.49,0,19-01-2025 00:43,Uttarakhand,Trusted,Grocery,luke67@hdfcbank,1,5,8,69
6257.81,0,21-01-2025 00:13,Assam,Trusted,Electronics,ganeshakshay@paytm,3,0,0,43
2690.05,0,09-01-2025 01:59,Haryana,Trusted,Electronics,christopherbala@icici,2,2,11,94
3994.48,0,01-01-2025 18:26,Bihar,Trusted,Electronics,pandeyxalak@axisbank,3,4,14,99
6503.58,0,22-01-2025 05:26,Mizoram,Trusted,Electronics,sara38@yesbank,3,3,10,55
9967.63,0,18-01-2025 23:26,Meghalaya,Trusted,Food,sai08@yesbank,3,1,4,95
37.16,0,02-01-2025 16:33,Karnataka,Trusted,Fashion,frado59@sbi,1,1,5,97
1488.18,0,18-01-2025 04:49,Bihar,Trusted,Fashion,orindershetty@hdfcbank,2,5,13,66
2810.8,0,22-01-2025 14:31,Haryana,Trusted,Grocery,kapooranika@yesbank,1,3,12,63
2732.73,0,17-01-2025 18:34,Madhya Pradesh,Trusted,Electronics,virajnatarajan@sbi,3,5,6,80
6238.85,0,22-01-2025 02:03,Bihar,Trusted,Food,charvi65@hdfcbank,3,5,12,62
7863.4,0,01-01-2025 17:52,Madhya Pradesh,Trusted,Fashion,mannantara@icici,1,1,9,94
564.15,0,19-01-2025 13:56,Assam,Trusted,Travel,auroraarin@hdfcbank,1,4,8,23
3118.19,0,08-01-2025 03:16,Tamil Nadu,Trusted,Electronics,gdasgupta@icici,1,5,9,21
9000.66,0,10-01-2025 17:24,Bihar,Trusted,Others,isaactank@icici,1,3,13,49
2146.23,0,16-01-2025 19:18,Karnataka,Trusted,Others,upasna33@hdfcbank,1,2,9,36
143.23,0,10-01-2025 06:16,Telangana,Trusted,Electronics,qsarraf@sbi,2,1,7,87
320.85,0,02-01-2025 07:34,Arunachal Pradesh,Trusted,Others,thakkarurishilla@kotak,2,1,5,55
26.09,0,16-01-2025 17:25,Chhattisgarh,Trusted,Travel,girikahuja@kotak,3,0,4,80
5268.34,0,18-01-2025 13:22,Odisha,Trusted,Travel,hmurty@axisbank,2,4,13,23
9156.66,0,06-01-2025 03:35,Haryana,Trusted,Electronics,qchowdhury@hdfcbank,3,2,5,77
9141.96,0,19-01-2025 03:18,Assam,Trusted,Food,skade@axisbank,3,3,6,82
4722.55,0,20-01-2025 13:17,Maharashtra,Trusted,Travel,neha47@hdfcbank,1,5,13,35
2504.31,0,03-01-2025 20:48,Chhattisgarh,Trusted,Travel,tankdominic@sbi,2,0,2,69
5653.66,0,11-01-2025 19:53,West Bengal,Trusted,Others,yagneshdhar@axisbank,2,3,3,68
2525.3,0,07-01-2025 05:33,Punjab,Trusted,Fashion,niharika04@paytm,1,3,4,35
8422.76,0,01-01-2025 07:05,Jharkhand,Trusted,Fashion,comarishwar@yesbank,1,3,5,18
3667.42,0,03-01-2025 06:11,Manipur,Trusted,Others,arjun54@sbi,2,0,3,59
6252.74,0,24-01-2025 16:41,Punjab,Trusted,Food,mmuni@icici,3,0,8,23
1347.2,0,21-01-2025 03:33,Uttarakhand,Trusted,Fashion,goelbalendra@yesbank,2,4,11,71
939.49,0,22-01-2025 01:52,Meghalaya,Trusted,Fashion,ekansh85@yesbank,3,2,10,15
4126.67,1,13-01-2025 04:09,Saharsa,Untrusted,Electronics,balendra59@sbi,10,6,9,3
3217.63,0,20-01-2025 18:21,Uttar Pradesh,Trusted,Electronics,chowdhurytara@icici,3,0,7,68
4445.03,1,02-01-2025 07:18,Kottayam,Untrusted,Travel,brinda86@kotak,3,17,22,10
5910.45,0,12-01-2025 17:33,Odisha,Trusted,Food,ekarajdevi@paytm,3,0,2,45
1379.42,0,05-01-2025 06:20,Assam,Trusted,Fashion,urana@paytm,3,1,3,12
8471.27,0,19-01-2025 01:54,Karnataka,Trusted,Travel,bahadurjit30@paytm,1,4,10,17
5528.64,1,01-01-2025 02:34,New Delhi,Trusted,Electronics,timothy27@yesbank,2,13,20,4
2248.31,0,04-01-2025 07:05,Rajasthan,Trusted,Travel,raksha07@icici,2,0,3,24
676.87,0,01-01-2025 08:23,Chhattisgarh,Trusted,Travel,shankarekiya@kotak,1,0,3,81
7297.7,0,09-01-2025 08:34,Punjab,Trusted,Fashion,onveerraj@yesbank,3,0,9,47
3177.08,1,12-01-2025 16:07,Tirupati,Trusted,Food,ukari@paytm,5,8,15,6
4331.82,0,10-01-2025 06:23,Punjab,Trusted,Electronics,zashil47@yesbank,1,0,1,66
4553.46,0,18-01-2025 16:50,Uttarakhand,Trusted,Grocery,ira74@paytm,1,4,11,79
167.92,0,24-01-2025 15:40,Maharashtra,Trusted,Grocery,anikamaharaj@paytm,2,1,4,19
3718.48,0,13-01-2025 08:44,Himachal Pradesh,Trusted,Grocery,sgarg@paytm,3,5,12,75
2287.03,0,15-01-2025 19:02,Odisha,Trusted,Grocery,vrishtikalita@kotak,2,2,3,44
4972.1,0,03-01-2025 05:59,Bihar,Trusted,Food,gmerchant@icici,2,0,1,77
8499.42,0,02-01-2025 13:54,Madhya Pradesh,Trusted,Others,girindramangat@kotak,2,4,12,31
8780.24,0,07-01-2025 00:40,Uttar Pradesh,Trusted,Others,ysharaf@paytm,2,4,6,95
5788.68,0,08-01-2025 12:53,Kerala,Trusted,Fashion,balvan15@paytm,1,4,4,97
6369.21,0,19-01-2025 05:56,Odisha,Trusted,Fashion,bahadurjit82@sbi,1,1,9,14
8607.8,0,23-01-2025 15:08,Assam,Trusted,Fashion,vamakshi84@axisbank,1,5,8,89
2278.52,1,22-01-2025 20:03,Amravati,Untrusted,Grocery,dharvasana@kotak,6,17,25,7
9734.55,0,10-01-2025 19:54,Goa,Trusted,Others,triyanarayanan@paytm,3,5,15,61
5452.42,0,06-01-2025 14:11,Odisha,Trusted,Grocery,nishapalla@hdfcbank,2,2,4,81
9238.97,0,06-01-2025 14:35,Goa,Trusted,Food,lohit40@hdfcbank,3,1,8,78
9027.73,0,01-01-2025 23:51,Punjab,Trusted,Travel,waliekaja@icici,2,0,8,24
9286.8,0,03-01-2025 05:17,Bihar,Trusted,Electronics,faqid27@hdfcbank,3,3,5,69
9612.26,0,19-01-2025 19:08,Uttar Pradesh,Trusted,Travel,manibaghyawati@kotak,2,5,11,100
384.55,0,20-01-2025 21:55,Odisha,Trusted,Grocery,girindrakhare@yesbank,2,5,12,39
9508.88,0,20-01-2025 20:35,Rajasthan,Trusted,Fashion,raghavgill@paytm,1,4,6,55
2193.09,0,14-01-2025 14:00,Gujarat,Trusted,Grocery,vrindasankar@sbi,2,0,4,61
2143.68,0,08-01-2025 15:07,Andhra Pradesh,Trusted,Others,noah82@yesbank,1,0,10,28
9241.02,0,15-01-2025 09:51,Tripura,Trusted,Others,brout@axisbank,1,5,11,66
218.67,0,10-01-2025 14:46,Kerala,Trusted,Others,mohammedgaba@sbi,2,4,10,47
2263.39,0,03-01-2025 19:13,Himachal Pradesh,Trusted,Fashion,knagarajan@yesbank,1,3,5,63
4227.16,0,22-01-2025 07:39,Telangana,Trusted,Grocery,ishaanswaminathan@icici,2,2,7,42
3696.96,1,18-01-2025 00:06,Vasai-Virar,Trusted,Travel,ishanvisaini@sbi,8,16,17,3
6461.77,0,09-01-2025 07:33,Jharkhand,Trusted,Electronics,ubikaanand@axisbank,3,4,6,31
5182.53,0,21-01-2025 20:47,Gujarat,Trusted,Electronics,kibearadhana@kotak,3,0,5,43
7479.35,0,07-01-2025 18:31,Madhya Pradesh,Trusted,Grocery,nimrat64@sbi,3,2,5,45
1235.06,0,06-01-2025 03:01,Goa,Trusted,Electronics,hkorpal@yesbank,2,4,4,13
5529.98,0,17-01-2025 20:36,Meghalaya,Trusted,Grocery,widishalala@kotak,1,2,4,44
4173.14,0,13-01-2025 18:53,Madhya Pradesh,Trusted,Fashion,bsridhar@axisbank,3,4,6,17
4446.56,0,16-01-2025 18:46,Tamil Nadu,Trusted,Grocery,goswamiisha@kotak,2,3,13,84
4326.67,0,09-01-2025 07:49,Kerala,Trusted,Others,sbobal@paytm,1,3,3,10
2896.56,0,03-01-2025 05:02,Kerala,Trusted,Electronics,laban34@yesbank,2,4,4,16
2123.23,0,16-01-2025 10:51,Karnataka,Trusted,Fashion,falak93@icici,3,3,4,36
7461.8,0,17-01-2025 07:57,Gujarat,Trusted,Travel,narayanjagat@paytm,3,1,11,20
1148.05,0,15-01-2025 00:27,West Bengal,Trusted,Fashion,advikatiwari@yesbank,2,5,13,51
614.59,0,10-01-2025 13:27,Gujarat,Trusted,Fashion,vwali@hdfcbank,1,2,10,16
9854.97,0,24-01-2025 11:58,Gujarat,Trusted,Food,dayamaisrinivas@kotak,1,4,8,50
3758.85,0,18-01-2025 17:44,Tamil Nadu,Trusted,Fashion,hemachana@yesbank,3,4,14,59
8565.95,0,18-01-2025 23:58,Uttar Pradesh,Trusted,Electronics,aishani40@sbi,2,2,6,29
578.24,0,01-01-2025 18:28,Goa,Trusted,Electronics,mitrahardik@sbi,1,2,4,45
8669.95,0,05-01-2025 01:14,Nagaland,Trusted,Food,janaki20@sbi,1,5,8,34
6302.18,0,14-01-2025 18:37,Manipur,Trusted,Food,nilimamangat@hdfcbank,2,5,10,91
1343.12,1,11-01-2025 12:33,Bhopal,Untrusted,Fashion,daniel05@kotak,7,18,26,3
232.09,0,18-01-2025 10:18,Assam,Trusted,Electronics,hemasharma@yesbank,1,0,5,86
4143.92,1,12-01-2025 03:41,Lucknow,Trusted,Electronics,naveen04@icici,6,8,18,5
3800.15,0,23-01-2025 14:53,Haryana,Trusted,Others,ynagar@icici,2,2,12,28
9453.51,0,21-01-2025 08:50,Rajasthan,Trusted,Travel,prakashurvi@kotak,3,0,0,90
735.25,0,17-01-2025 10:26,Jharkhand,Trusted,Others,wbains@sbi,3,2,6,89
7183.78,0,11-01-2025 11:26,Assam,Trusted,Grocery,anvi53@kotak,3,0,8,91
7317.52,0,15-01-2025 13:23,Rajasthan,Trusted,Food,shivansh54@sbi,3,2,10,79
4611.2,0,18-01-2025 00:21,Meghalaya,Trusted,Others,upasnabandi@kotak,3,4,9,29
2111.83,0,03-01-2025 06:16,Bihar,Trusted,Others,darika18@paytm,2,4,5,51
2530.22,0,14-01-2025 05:01,Jharkhand,Trusted,Food,sureshfarhan@paytm,3,0,3,43
5029.53,0,17-01-2025 15:41,Tamil Nadu,Trusted,Food,deoshivansh@paytm,3,1,8,65
1301.34,0,02-01-2025 09:14,Chhattisgarh,Trusted,Travel,horavidhi@axisbank,3,2,8,16
9034.98,0,06-01-2025 15:44,Goa,Trusted,Travel,ganga18@hdfcbank,3,0,1,56
2896.69,0,06-01-2025 07:32,Uttarakhand,Trusted,Electronics,wkrishnan@yesbank,1,0,5,88
7944.51,0,14-01-2025 02:38,Haryana,Trusted,Grocery,alexanderborde@sbi,3,1,8,11
7310.47,0,17-01-2025 00:46,Andhra Pradesh,Trusted,Electronics,zsoni@icici,1,2,9,13
915.76,0,01-01-2025 11:21,Manipur,Trusted,Fashion,abrahmbhatt@kotak,3,4,4,48
988.02,0,10-01-2025 02:32,Tamil Nadu,Trusted,Others,dayita67@axisbank,1,1,11,79
2862.47,0,07-01-2025 17:56,Nagaland,Trusted,Electronics,bajwabhavini@kotak,3,1,3,38
2275.13,0,12-01-2025 13:52,Andhra Pradesh,Trusted,Electronics,krish27@sbi,1,4,5,13
6545.92,0,21-01-2025 05:20,Uttar Pradesh,Trusted,Others,bahadurjitchaudhry@axisbank,3,1,5,95
3504.57,0,01-01-2025 06:59,Jharkhand,Trusted,Grocery,girik37@axisbank,2,4,6,57
8244.21,0,22-01-2025 07:16,Odisha,Trusted,Others,chanakyadave@axisbank,2,3,11,72
676.68,0,11-01-2025 14:07,Arunachal Pradesh,Trusted,Others,yatinsuresh@kotak,1,1,8,46
1155.12,0,23-01-2025 02:29,West Bengal,Trusted,Fashion,ramanathanomkaar@icici,3,3,6,43
3356.44,0,16-01-2025 17:20,West Bengal,Trusted,Travel,wshah@paytm,1,0,2,90
5881.54,1,07-01-2025 11:24,Bhalswa Jahangir Pur,Untrusted,Food,vansharatti@hdfcbank,5,17,19,5
2285.24,0,07-01-2025 00:26,Karnataka,Trusted,Fashion,yauvani92@yesbank,3,3,4,49
4471.75,0,06-01-2025 19:50,Kerala,Trusted,Food,jananikothari@icici,2,1,10,66
7755.12,0,11-01-2025 08:13,Uttarakhand,Trusted,Fashion,hredhaan65@sbi,3,5,13,48
8947.17,0,08-01-2025 13:56,Tamil Nadu,Trusted,Electronics,urvi96@icici,3,2,12,21
6454.83,0,21-01-2025 11:50,Chhattisgarh,Trusted,Fashion,rbassi@hdfcbank,1,1,11,58
8531.95,0,20-01-2025 16:21,Goa,Trusted,Food,wom@icici,1,4,8,95
898.96,0,07-01-2025 00:29,Tripura,Trusted,Fashion,fiyazdivan@kotak,2,2,11,70
1872.4,0,13-01-2025 11:11,Chhattisgarh,Trusted,Food,dalbirprakash@hdfcbank,1,4,14,95
1765.08,0,09-01-2025 20:45,Tamil Nadu,Trusted,Others,tparmar@yesbank,1,5,11,93
9566.41,0,19-01-2025 11:34,Madhya Pradesh,Trusted,Fashion,bhattianay@icici,2,3,8,48
2511.25,0,22-01-2025 08:27,Rajasthan,Trusted,Others,lbaral@yesbank,3,2,8,93
4777.56,0,07-01-2025 18:09,Andhra Pradesh,Trusted,Electronics,chakrabartirajata@axisbank,2,5,11,58
1074.98,0,02-01-2025 02:56,Uttar Pradesh,Trusted,Grocery,warhi26@paytm,2,5,6,48
4482.53,0,01-01-2025 08:05,Odisha,Trusted,Fashion,narulaonkar@hdfcbank,3,5,8,79
8895.02,0,11-01-2025 08:45,Goa,Trusted,Travel,forum21@hdfcbank,2,1,4,55
4233.65,1,01-01-2025 09:11,Baranagar,Trusted,Food,nthaman@hdfcbank,2,6,12,1
2674.97,0,07-01-2025 13:02,Punjab,Trusted,Fashion,bhavani52@axisbank,1,0,3,35
8528.82,0,24-01-2025 11:05,Maharashtra,Trusted,Food,jom@icici,3,0,10,91
3176.28,0,09-01-2025 05:25,Maharashtra,Trusted,Grocery,pjha@kotak,2,2,5,97
3533.1,0,10-01-2025 19:37,Rajasthan,Trusted,Grocery,qsehgal@paytm,2,2,12,74
5446.56,0,04-01-2025 22:50,Tamil Nadu,Trusted,Electronics,omya78@sbi,3,0,6,88
6262.93,0,11-01-2025 13:21,Arunachal Pradesh,Trusted,Fashion,samarth81@kotak,1,1,1,17
7747.75,0,14-01-2025 14:19,Manipur,Trusted,Others,eprabhu@yesbank,1,4,8,39
4992.13,0,21-01-2025 09:35,Meghalaya,Trusted,Fashion,shethhemani@hdfcbank,3,0,3,70
2034.4,0,13-01-2025 00:56,Arunachal Pradesh,Trusted,Food,roybanjeet@icici,2,0,4,46
8057.98,0,24-01-2025 03:31,Mizoram,Trusted,Electronics,singhalneel@kotak,1,0,8,68
3188.09,0,12-01-2025 10:01,Tamil Nadu,Trusted,Electronics,iyengararyan@axisbank,3,2,2,48
5702.06,0,06-01-2025 02:03,Punjab,Trusted,Travel,xrege@axisbank,1,1,3,22
2409.67,0,01-01-2025 23:01,Arunachal Pradesh,Trusted,Food,rajaudarsh@axisbank,2,0,9,82
9705.36,1,22-01-2025 12:18,Secunderabad,Untrusted,Electronics,dominic88@kotak,7,11,13,5
8720.97,0,21-01-2025 07:49,Manipur,Trusted,Food,warhi08@sbi,3,2,12,59
7610.43,0,14-01-2025 17:48,Jharkhand,Trusted,Electronics,jackson54@yesbank,3,0,0,88
1624.09,0,14-01-2025 08:12,Tripura,Trusted,Fashion,timothyravel@icici,2,3,8,13
3975.48,0,01-01-2025 10:26,Karnataka,Trusted,Electronics,zansilal@icici,2,1,9,44
7108.5,0,24-01-2025 01:15,Nagaland,Trusted,Food,unnikalla@yesbank,2,4,6,11
2621.36,0,16-01-2025 19:02,Sikkim,Trusted,Grocery,manigaurika@hdfcbank,1,4,7,44
5892.23,0,03-01-2025 09:54,Jharkhand,Trusted,Food,edesai@paytm,3,0,9,24
1569.22,0,10-01-2025 12:18,Tamil Nadu,Trusted,Grocery,mbhat@hdfcbank,3,3,11,95
1048.67,0,17-01-2025 12:56,Andhra Pradesh,Trusted,Others,jackson73@paytm,2,2,7,89
2743.57,0,07-01-2025 18:27,Karnataka,Trusted,Travel,ishwar22@yesbank,1,0,2,67
8954.46,0,06-01-2025 19:08,Odisha,Trusted,Electronics,kalaram@yesbank,1,1,7,17
2823.82,0,14-01-2025 22:57,West Bengal,Trusted,Grocery,emenon@yesbank,1,0,6,69
6329.38,0,06-01-2025 01:38,Uttar Pradesh,Trusted,Electronics,gaurang24@paytm,2,3,8,54
6766.59,0,05-01-2025 00:09,Kerala,Trusted,Travel,wsarin@hdfcbank,1,4,10,19
919.44,0,13-01-2025 07:34,Tripura,Trusted,Travel,gagan17@kotak,2,3,4,69
4551.61,0,12-01-2025 16:53,Himachal Pradesh,Trusted,Grocery,varmabrinda@kotak,3,3,12,97
6114.19,0,18-01-2025 20:22,Uttarakhand,Trusted,Food,narayananadvik@paytm,1,0,5,54
6681.32,0,05-01-2025 12:56,Telangana,Trusted,Others,balkritika@icici,2,2,6,43
3441.94,0,06-01-2025 23:00,Andhra Pradesh,Trusted,Food,gunbirkamdar@icici,2,0,4,42
5284.84,1,14-01-2025 07:55,Raurkela Industrial Township,Untrusted,Others,leela23@axisbank,7,18,28,3
1988.88,0,21-01-2025 04:44,Chhattisgarh,Trusted,Grocery,rachitanagy@sbi,1,2,12,93
8412.75,0,14-01-2025 04:56,Nagaland,Trusted,Electronics,seshadriabdul@yesbank,1,3,9,91
6754.36,0,13-01-2025 03:50,Telangana,Trusted,Electronics,oprasad@yesbank,1,5,14,66
4879.34,0,15-01-2025 10:49,Punjab,Trusted,Others,wparekh@icici,2,4,10,52
7707.46,0,13-01-2025 00:12,Karnataka,Trusted,Electronics,imaranbuch@yesbank,2,0,10,25
6410.42,0,22-01-2025 23:40,Madhya Pradesh,Trusted,Others,smohan@sbi,1,1,1,16
8604.41,0,08-01-2025 04:03,Punjab,Trusted,Others,yashodadesai@yesbank,2,1,3,51
7145.22,0,07-01-2025 06:56,Tamil Nadu,Trusted,Travel,gargpanini@kotak,1,5,10,27
4229.1,0,15-01-2025 11:07,Assam,Trusted,Grocery,ramanjali@icici,1,3,3,71
7835.31,0,21-01-2025 21:51,Nagaland,Trusted,Food,jatin94@axisbank,2,2,4,69
4758.33,0,20-01-2025 23:57,Jharkhand,Trusted,Travel,sanaya09@kotak,2,3,12,72
5175.59,0,21-01-2025 15:22,Telangana,Trusted,Travel,lmaster@sbi,3,0,4,85
2606.33,0,21-01-2025 13:31,Andhra Pradesh,Trusted,Travel,triya90@kotak,1,2,6,79
2769.46,0,22-01-2025 11:16,Manipur,Trusted,Fashion,mandaosha@sbi,1,2,6,29
1720.95,0,20-01-2025 06:54,Maharashtra,Trusted,Travel,ttiwari@axisbank,2,4,10,65
8747.67,0,10-01-2025 06:38,Nagaland,Trusted,Grocery,wkrishnamurthy@paytm,2,1,6,84
5984.93,0,21-01-2025 23:06,Jharkhand,Trusted,Fashion,devikabutala@hdfcbank,1,1,3,12
4783.65,0,15-01-2025 22:41,Karnataka,Trusted,Grocery,radhikalad@yesbank,1,5,14,81
9498.76,0,15-01-2025 13:14,Nagaland,Trusted,Electronics,finnprabhu@kotak,3,2,2,87
3868.91,0,05-01-2025 15:24,Madhya Pradesh,Trusted,Food,peter35@paytm,3,5,7,37
5098.89,0,02-01-2025 03:24,Himachal Pradesh,Trusted,Others,jpau@paytm,1,4,13,64
1208.73,0,16-01-2025 12:23,Maharashtra,Trusted,Fashion,aptezehaan@kotak,2,0,6,28
6175.85,0,06-01-2025 12:58,Meghalaya,Trusted,Others,vdugal@kotak,1,0,2,71
9064.46,1,11-01-2025 01:27,Jhansi,Trusted,Travel,kohliwatika@hdfcbank,9,11,21,4
4315.63,0,01-01-2025 14:20,Assam,Trusted,Travel,dasabhimanyu@kotak,3,1,8,83
1321.69,0,08-01-2025 02:08,Uttar Pradesh,Trusted,Travel,dubesamaksh@kotak,3,1,7,100
7963.2,0,12-01-2025 11:37,Nagaland,Trusted,Grocery,qmutti@sbi,3,3,10,30
5421.96,0,23-01-2025 01:53,Meghalaya,Trusted,Fashion,tloke@paytm,2,4,8,41
3970.36,0,16-01-2025 07:53,Himachal Pradesh,Trusted,Food,deokamya@axisbank,1,5,7,62
7957.43,0,14-01-2025 09:13,Haryana,Trusted,Electronics,goyalveda@kotak,3,5,12,78
9813.61,0,03-01-2025 19:21,Himachal Pradesh,Trusted,Others,abeersahota@kotak,2,5,13,35
5432.9,0,24-01-2025 03:35,Arunachal Pradesh,Trusted,Electronics,yamini59@icici,2,3,6,87
3299.59,0,23-01-2025 03:47,Uttarakhand,Trusted,Fashion,max57@hdfcbank,2,5,15,83
4943.33,0,19-01-2025 21:10,Bihar,Trusted,Travel,vsheth@yesbank,3,3,6,97
8638.56,0,08-01-2025 20:18,Goa,Trusted,Fashion,vigria@paytm,1,2,9,27
6574.27,0,13-01-2025 14:09,Arunachal Pradesh,Trusted,Grocery,fahluwalia@axisbank,2,1,11,62
3990.98,0,16-01-2025 02:33,Meghalaya,Trusted,Electronics,lsekhon@paytm,2,5,15,46
9719.16,0,24-01-2025 15:25,Bihar,Trusted,Electronics,gcherian@axisbank,2,2,6,25
7891.73,0,05-01-2025 05:18,Karnataka,Trusted,Food,danirushil@sbi,2,2,7,100
7621.8,0,05-01-2025 03:40,Haryana,Trusted,Electronics,mangalgeetika@kotak,1,4,4,47
1579.67,0,09-01-2025 05:31,Haryana,Trusted,Travel,salviisha@yesbank,1,5,9,98
8438.67,0,11-01-2025 17:20,Haryana,Trusted,Food,tripathiadweta@icici,3,3,9,32
169.33,0,13-01-2025 20:03,Meghalaya,Trusted,Grocery,narasimhantriveni@kotak,3,5,8,17
309.61,0,02-01-2025 18:15,Tripura,Trusted,Others,bpal@paytm,3,3,6,31
9979.42,0,04-01-2025 16:41,Maharashtra,Trusted,Grocery,bassiunni@yesbank,2,4,11,39
4944.63,0,09-01-2025 15:57,Uttar Pradesh,Trusted,Grocery,max80@paytm,2,4,9,49
9683.93,0,11-01-2025 16:13,Sikkim,Trusted,Food,harrison91@paytm,1,5,6,78
87.32,0,15-01-2025 04:43,Nagaland,Trusted,Electronics,lakshmikurian@icici,3,5,7,64
2237.46,0,07-01-2025 19:25,Mizoram,Trusted,Electronics,xdayal@yesbank,3,0,6,81
4170.63,0,09-01-2025 21:45,Madhya Pradesh,Trusted,Grocery,vyanjanakamdar@axisbank,2,3,11,58
2625.06,0,18-01-2025 08:27,Jharkhand,Trusted,Electronics,wsom@hdfcbank,1,5,10,83
7957.45,0,16-01-2025 23:54,Telangana,Trusted,Others,ekalinga77@hdfcbank,3,3,9,95
9611.08,0,04-01-2025 21:16,Kerala,Trusted,Fashion,smistry@icici,2,2,4,72
6669.67,0,17-01-2025 03:47,Rajasthan,Trusted,Grocery,indrajit22@kotak,3,5,13,38
2077.74,0,03-01-2025 03:13,Mizoram,Trusted,Electronics,raghav78@sbi,3,3,3,22
755.95,0,02-01-2025 17:45,West Bengal,Trusted,Food,unnatiramesh@kotak,1,3,8,42
6533.79,0,12-01-2025 05:26,Bihar,Trusted,Travel,dkota@axisbank,1,3,12,28
2689.29,0,18-01-2025 07:10,Manipur,Trusted,Grocery,ranganathanoeshi@paytm,3,3,3,57
2566.21,0,16-01-2025 00:31,Uttarakhand,Trusted,Others,aurorawriddhish@hdfcbank,3,3,8,73
8866.5,0,12-01-2025 00:04,Arunachal Pradesh,Trusted,Fashion,hbarad@icici,3,0,0,62
3469.92,0,22-01-2025 03:06,Goa,Trusted,Fashion,dayalhredhaan@hdfcbank,1,4,13,29
6383.49,0,20-01-2025 08:36,Manipur,Trusted,Grocery,osaini@kotak,3,3,4,59
6229.9,0,12-01-2025 02:16,Gujarat,Trusted,Grocery,bgoswami@axisbank,1,4,8,23
4210.36,0,23-01-2025 10:31,Tamil Nadu,Trusted,Fashion,upadhritibal@axisbank,3,1,6,77
4452.23,0,05-01-2025 02:57,Chhattisgarh,Trusted,Electronics,fben@icici,1,5,13,82
1711.44,0,12-01-2025 07:21,Uttarakhand,Trusted,Fashion,kandaumang@kotak,3,4,13,12
362.94,0,14-01-2025 08:54,Bihar,Trusted,Fashion,manbir98@icici,1,1,8,73
784.45,0,22-01-2025 18:11,Maharashtra,Trusted,Travel,srivastavakabir@icici,2,4,12,88
6011.52,0,21-01-2025 13:19,Uttar Pradesh,Trusted,Fashion,balvan76@paytm,2,4,10,16
4698.19,0,12-01-2025 06:40,Bihar,Trusted,Others,vasudha08@icici,2,3,8,97
6120.85,0,18-01-2025 06:41,Madhya Pradesh,Trusted,Grocery,abrar@axisbank,1,1,2,80
7649.24,0,19-01-2025 09:19,Odisha,Trusted,Fashion,lsastry@icici,1,1,8,45
8014.84,0,20-01-2025 10:31,Gujarat,Trusted,Electronics,abeer52@kotak,3,4,8,16
4332.94,0,12-01-2025 16:41,Manipur,Trusted,Travel,aprasad@icici,1,4,12,10
4809.85,0,15-01-2025 10:16,Odisha,Trusted,Others,toorcharvi@axisbank,1,1,1,54
9101.29,0,17-01-2025 16:11,Himachal Pradesh,Trusted,Grocery,bbajaj@yesbank,2,5,13,85
2881.99,0,13-01-2025 22:15,West Bengal,Trusted,Travel,teerthgoda@paytm,1,1,9,74
2059.75,0,15-01-2025 15:00,Himachal Pradesh,Trusted,Travel,gautam78@yesbank,1,1,1,71
6017.9,1,23-01-2025 17:42,Satara,Trusted,Others,hsampath@yesbank,1,19,24,3
1739.29,0,14-01-2025 19:48,Arunachal Pradesh,Trusted,Fashion,jram@kotak,2,5,15,25
6745.51,0,21-01-2025 09:05,Sikkim,Trusted,Grocery,krishnayashoda@kotak,1,1,10,52
4311.34,0,21-01-2025 08:10,Himachal Pradesh,Trusted,Travel,imarangokhale@paytm,3,4,5,13
5982.64,0,19-01-2025 03:24,Madhya Pradesh,Trusted,Food,scheema@hdfcbank,2,1,11,56
6258.87,0,02-01-2025 22:57,Mizoram,Trusted,Grocery,pbali@icici,2,1,6,11
5323.2,0,14-01-2025 01:00,Mizoram,Trusted,Travel,regewishi@paytm,3,0,7,84
2325,0,09-01-2025 06:31,Jharkhand,Trusted,Travel,memongaurang@axisbank,2,3,7,86
5000.02,0,06-01-2025 01:45,Andhra Pradesh,Trusted,Grocery,ramanathanranveer@hdfcbank,2,4,7,47
5340.6,0,14-01-2025 14:48,Meghalaya,Trusted,Grocery,pmodi@icici,1,5,8,25
6452.01,0,03-01-2025 20:01,Odisha,Trusted,Grocery,sharafanusha@kotak,3,4,11,15
1428.32,0,16-01-2025 01:39,Chhattisgarh,Trusted,Travel,janujaswaminathan@paytm,3,3,4,64
5748.79,0,16-01-2025 15:53,Jharkhand,Trusted,Others,hritik07@hdfcbank,3,5,11,35
8819.57,0,24-01-2025 07:27,Sikkim,Trusted,Food,neelimaborde@sbi,3,5,12,68
4362.63,0,24-01-2025 05:48,Jharkhand,Trusted,Grocery,mitrafaras@axisbank,2,2,6,14
8819.84,0,02-01-2025 05:09,Nagaland,Trusted,Grocery,ekarajkohli@axisbank,2,2,5,71
598.6,0,14-01-2025 16:34,Haryana,Trusted,Food,robert44@axisbank,3,4,5,61
8722.97,0,24-01-2025 14:37,West Bengal,Trusted,Others,urmi27@paytm,1,3,6,39
3802.43,1,05-01-2025 19:43,Begusarai,Untrusted,Fashion,balachandresh@axisbank,7,15,18,10
9404.75,0,10-01-2025 18:40,Andhra Pradesh,Trusted,Electronics,jacobsrivastava@kotak,3,0,2,88
7594.59,0,03-01-2025 21:35,Telangana,Trusted,Fashion,tripti92@kotak,3,5,10,51
842.26,0,01-01-2025 01:09,Mizoram,Trusted,Grocery,aadi46@yesbank,3,3,7,78
3569.55,1,22-01-2025 20:29,Dharmavaram,Trusted,Travel,chakrabortyharini@hdfcbank,4,9,15,4
4792.25,0,22-01-2025 02:23,Tripura,Trusted,Electronics,baradfaqid@sbi,1,5,14,55
6524.91,0,14-01-2025 01:13,Jharkhand,Trusted,Travel,perigavin@kotak,1,2,7,94
8315.84,0,18-01-2025 07:04,Uttar Pradesh,Trusted,Others,dewanbishakha@paytm,1,4,14,45
2692.32,0,04-01-2025 07:15,Nagaland,Trusted,Others,ekta78@hdfcbank,2,3,4,51
5159.91,0,06-01-2025 12:14,Kerala,Trusted,Fashion,jason22@sbi,1,2,2,31
8681.31,0,09-01-2025 17:52,Andhra Pradesh,Trusted,Travel,yashawinide@paytm,1,2,4,81
7637.93,0,15-01-2025 19:57,Arunachal Pradesh,Trusted,Travel,fpandya@paytm,3,2,10,93
3868.47,0,06-01-2025 00:58,Telangana,Trusted,Grocery,rramesh@paytm,3,3,10,51
8414.92,0,22-01-2025 11:54,Tripura,Trusted,Travel,riyasarkar@sbi,3,0,7,64
4755.66,0,17-01-2025 18:21,Rajasthan,Trusted,Others,anay60@kotak,2,1,2,66
5857.75,0,05-01-2025 20:58,Uttar Pradesh,Trusted,Others,vkaul@hdfcbank,3,2,4,41
3788.92,0,18-01-2025 14:54,Haryana,Trusted,Food,warinder07@axisbank,1,3,11,57
1081.37,1,06-01-2025 02:17,Hyderabad,Untrusted,Fashion,maanas95@sbi,3,10,17,3
7012.34,0,14-01-2025 07:06,Rajasthan,Trusted,Travel,bandijhalak@icici,1,5,12,22
1560.35,0,06-01-2025 03:15,Kerala,Trusted,Others,anirudhshan@kotak,1,3,12,46
2022.11,0,12-01-2025 22:31,Jharkhand,Trusted,Travel,pahalshetty@sbi,2,4,12,34
8627.88,0,03-01-2025 02:53,Manipur,Trusted,Grocery,bhagatorinder@hdfcbank,2,3,6,79
7490.74,0,12-01-2025 22:32,Maharashtra,Trusted,Others,qabilhora@paytm,1,4,4,14
5326.14,0,10-01-2025 01:48,Madhya Pradesh,Trusted,Others,tanviuppal@hdfcbank,3,3,11,46
8915.79,0,02-01-2025 17:18,Jharkhand,Trusted,Food,ucchalkakar@hdfcbank,1,3,7,27
7903.18,0,16-01-2025 19:34,Haryana,Trusted,Fashion,vyanjana37@kotak,3,0,5,29
6645.25,0,16-01-2025 04:12,Haryana,Trusted,Food,vaishnavisaraf@hdfcbank,2,4,13,12
5328.55,0,19-01-2025 16:59,Assam,Trusted,Electronics,shivansh31@hdfcbank,2,5,12,100
4931.69,0,20-01-2025 08:14,Maharashtra,Trusted,Others,reyansh41@yesbank,1,0,0,33
3156.66,0,08-01-2025 01:36,Andhra Pradesh,Trusted,Others,girish02@icici,2,5,6,87
6745.82,0,19-01-2025 17:07,Sikkim,Trusted,Grocery,eeshavenkatesh@hdfcbank,3,5,9,98
5232.67,0,09-01-2025 14:23,Assam,Trusted,Fashion,esaha@hdfcbank,1,4,6,19
31.52,0,02-01-2025 14:27,Telangana,Trusted,Fashion,isha77@paytm,2,3,6,57
6362.88,0,05-01-2025 02:24,Sikkim,Trusted,Travel,kakaroviya@sbi,1,5,10,57
4137.33,0,13-01-2025 07:02,Kerala,Trusted,Grocery,gdora@yesbank,2,1,6,14
8375.4,0,12-01-2025 09:14,Andhra Pradesh,Trusted,Others,garimasandhu@kotak,3,3,3,12
536.78,0,04-01-2025 19:39,Telangana,Trusted,Travel,owenkala@sbi,1,4,14,71
5165.86,0,19-01-2025 18:38,Madhya Pradesh,Trusted,Grocery,kevin79@icici,1,0,0,13
9386.54,1,09-01-2025 00:00,Ahmedabad,Untrusted,Travel,ztoor@paytm,9,17,22,10
8339.31,0,22-01-2025 13:46,Punjab,Trusted,Food,farissingh@hdfcbank,1,4,4,87
4902.35,0,03-01-2025 01:20,Jharkhand,Trusted,Electronics,janakisaha@hdfcbank,2,4,6,49
6272.48,1,23-01-2025 17:29,Saharsa,Trusted,Grocery,sraju@axisbank,9,19,25,3
2966.07,0,11-01-2025 18:20,Nagaland,Trusted,Food,ctrivedi@yesbank,1,2,3,82
5582.83,0,04-01-2025 19:13,Odisha,Trusted,Others,orindergokhale@sbi,2,0,9,89
3858.11,0,12-01-2025 11:51,Bihar,Trusted,Travel,kdubey@axisbank,2,4,13,73
39.48,0,06-01-2025 14:28,Manipur,Trusted,Grocery,gayathrichander@hdfcbank,1,3,6,17
8129.54,0,04-01-2025 22:51,Assam,Trusted,Electronics,aarnakota@axisbank,2,3,6,75
7533.64,0,21-01-2025 14:36,Maharashtra,Trusted,Electronics,wdave@icici,2,4,5,25
3003.79,0,10-01-2025 21:26,Goa,Trusted,Others,lmagar@icici,3,3,10,99
375.31,0,23-01-2025 09:28,Telangana,Trusted,Travel,jagdish58@yesbank,3,4,11,45
9818.43,0,16-01-2025 18:55,Nagaland,Trusted,Travel,pushtikakar@hdfcbank,2,2,3,34
3477.21,0,23-01-2025 19:47,Uttar Pradesh,Trusted,Fashion,vrinda66@paytm,2,1,9,99
8714.73,0,13-01-2025 07:55,Goa,Trusted,Fashion,farhan84@hdfcbank,1,2,10,57
3597.74,0,23-01-2025 22:01,Rajasthan,Trusted,Others,gborah@sbi,3,0,3,72
846.45,0,16-01-2025 13:44,Nagaland,Trusted,Grocery,leela17@icici,1,3,13,35
8104.01,0,15-01-2025 04:33,Uttar Pradesh,Trusted,Fashion,vasatikathakkar@yesbank,2,5,13,66
1363.15,0,03-01-2025 10:43,Sikkim,Trusted,Fashion,prasadfalguni@sbi,1,1,6,93
9895,0,09-01-2025 10:35,Uttarakhand,Trusted,Grocery,harrison95@icici,3,1,4,32
4076.38,0,10-01-2025 11:41,Kerala,Trusted,Electronics,vanya56@sbi,2,2,4,41
5460.88,0,09-01-2025 21:54,Chhattisgarh,Trusted,Food,gautami69@hdfcbank,2,0,1,68
7751.3,0,09-01-2025 10:12,Madhya Pradesh,Trusted,Food,vyanjanadas@yesbank,1,4,9,83
1141.83,0,05-01-2025 02:55,Manipur,Trusted,Electronics,baljiwan94@axisbank,2,1,4,18
9868.42,0,07-01-2025 08:58,Meghalaya,Trusted,Food,settyvanya@hdfcbank,1,0,2,43
1737.21,0,16-01-2025 14:20,Rajasthan,Trusted,Others,pcomar@axisbank,3,1,6,96
2089.92,0,22-01-2025 06:50,Arunachal Pradesh,Trusted,Food,idika01@sbi,2,1,5,12
8270.4,0,21-01-2025 22:09,Tripura,Trusted,Food,xdugal@hdfcbank,1,5,15,65
9247.21,0,24-01-2025 11:08,Jharkhand,Trusted,Others,harinibadami@yesbank,3,1,5,57
7155.22,0,10-01-2025 06:42,Manipur,Trusted,Others,balendranatt@icici,1,1,10,68
72.96,0,20-01-2025 23:39,Jharkhand,Trusted,Travel,tnayak@sbi,2,1,1,27
9625.54,0,13-01-2025 14:27,Himachal Pradesh,Trusted,Food,frado40@sbi,2,2,9,29
8696.5,1,24-01-2025 10:42,Jalna,Untrusted,Electronics,naveenchaudry@hdfcbank,3,11,20,5
2396.63,0,07-01-2025 04:45,Maharashtra,Trusted,Fashion,vartygaurangi@sbi,3,3,3,87
3374.37,0,18-01-2025 17:34,Goa,Trusted,Food,senguptahamsini@icici,1,2,2,75
9191.8,0,07-01-2025 01:18,Arunachal Pradesh,Trusted,Others,gagan24@yesbank,3,3,4,73
4431.15,0,12-01-2025 00:51,Jharkhand,Trusted,Grocery,ahluwaliamaanas@kotak,2,4,6,41
7841.25,0,06-01-2025 21:09,Uttar Pradesh,Trusted,Electronics,npatil@icici,3,3,8,26
2780.85,0,14-01-2025 15:19,Telangana,Trusted,Fashion,parikhudant@hdfcbank,1,0,4,72
8395.56,0,22-01-2025 02:01,Madhya Pradesh,Trusted,Food,dsangha@kotak,3,1,7,27
7093.04,1,17-01-2025 06:36,South Dumdum,Untrusted,Grocery,matthewchana@yesbank,4,8,10,0
9260.08,0,10-01-2025 08:07,Goa,Trusted,Travel,psundaram@axisbank,2,0,2,31
5075.08,0,10-01-2025 16:55,Jharkhand,Trusted,Electronics,mohammed89@paytm,2,3,10,21
5625.21,0,15-01-2025 02:42,Goa,Trusted,Travel,kritika36@icici,2,0,2,54
8548.49,0,13-01-2025 10:26,Goa,Trusted,Travel,niteshkhurana@paytm,2,5,6,73
4126.46,0,18-01-2025 08:55,Nagaland,Trusted,Food,hmutti@hdfcbank,3,0,1,32
6981.28,0,06-01-2025 12:08,Himachal Pradesh,Trusted,Others,battayuvraj@icici,2,3,12,62
1669.27,0,21-01-2025 19:06,Jharkhand,Trusted,Others,jonathan64@yesbank,3,5,15,76
4662.03,0,21-01-2025 16:27,Sikkim,Trusted,Travel,iyengarnaveen@hdfcbank,1,4,10,100
8471.8,0,24-01-2025 06:05,West Bengal,Trusted,Fashion,biswasgaurika@paytm,3,3,8,39
5206.16,0,23-01-2025 15:06,Himachal Pradesh,Trusted,Food,tkara@yesbank,1,5,6,19
3745.78,0,15-01-2025 05:20,Bihar,Trusted,Travel,ghosevidhi@axisbank,3,3,13,28
8335.85,0,04-01-2025 09:52,Assam,Trusted,Travel,wbandi@kotak,2,5,12,72
6958.63,0,07-01-2025 05:54,Tripura,Trusted,Travel,hvasa@hdfcbank,3,4,4,84
9789.45,0,03-01-2025 21:32,Mizoram,Trusted,Others,onveer43@paytm,1,1,5,40
8930.91,0,19-01-2025 12:12,Gujarat,Trusted,Electronics,geetikakamdar@hdfcbank,1,3,5,53
8841.1,0,02-01-2025 15:58,Odisha,Trusted,Fashion,ebhandari@hdfcbank,1,1,3,94
1576.91,0,06-01-2025 11:48,Sikkim,Trusted,Grocery,anushagoda@sbi,3,2,10,23
8477.21,0,17-01-2025 15:23,Uttarakhand,Trusted,Food,awason@hdfcbank,1,0,7,70
9266.91,0,03-01-2025 21:21,Manipur,Trusted,Travel,isrinivasan@hdfcbank,2,4,10,76
44.82,0,03-01-2025 08:43,Assam,Trusted,Fashion,aditya26@icici,2,1,8,83
6733.59,0,18-01-2025 00:46,Bihar,Trusted,Others,ranaudant@axisbank,1,1,1,39
4882.77,0,17-01-2025 05:54,Tamil Nadu,Trusted,Travel,yjaggi@yesbank,1,0,3,18
1446.76,0,01-01-2025 20:16,Mizoram,Trusted,Electronics,vanyaraval@yesbank,2,5,10,31
5209.2,0,16-01-2025 07:57,Karnataka,Trusted,Others,nitaradeep@hdfcbank,2,1,7,34
9523.82,0,06-01-2025 15:49,Chhattisgarh,Trusted,Travel,mahika71@icici,2,1,7,41
6976.59,0,23-01-2025 10:06,Assam,Trusted,Others,nghosh@icici,3,1,4,22
1795.62,0,06-01-2025 21:59,Punjab,Trusted,Others,wishiarya@icici,1,4,11,16
3059.88,0,15-01-2025 13:43,Madhya Pradesh,Trusted,Fashion,nihal07@paytm,2,5,6,95
1481.91,0,05-01-2025 05:04,Meghalaya,Trusted,Fashion,kamyasubramanian@hdfcbank,1,5,13,23
1179.97,0,16-01-2025 19:50,Manipur,Trusted,Travel,dhruv51@axisbank,3,1,9,83
1862.63,0,01-01-2025 18:52,Haryana,Trusted,Food,oliver59@hdfcbank,2,3,10,59
9453.88,0,24-01-2025 00:26,Telangana,Trusted,Electronics,sbhardwaj@yesbank,3,2,9,81
5767.74,0,10-01-2025 15:55,Goa,Trusted,Fashion,sbhargava@hdfcbank,3,5,11,36
6203.39,1,01-01-2025 03:23,Korba,Trusted,Food,zayyan98@sbi,3,17,26,0
5015.53,0,08-01-2025 12:47,Odisha,Trusted,Electronics,shari@axisbank,2,2,11,93
2360.85,0,01-01-2025 14:28,Punjab,Trusted,Travel,shankerdeepa@kotak,1,5,6,14
7624.96,0,16-01-2025 13:17,Karnataka,Trusted,Others,danirachita@icici,2,4,7,30
7684.87,0,20-01-2025 02:55,Karnataka,Trusted,Others,aashiperi@axisbank,2,3,12,17
1876.2,0,11-01-2025 17:26,Chhattisgarh,Trusted,Grocery,virklekha@paytm,1,1,9,39
3161.78,0,13-01-2025 18:05,Assam,Trusted,Travel,owenvenkatesh@yesbank,1,0,2,60
5048.23,0,14-01-2025 03:04,Tamil Nadu,Trusted,Food,onveerprabhu@kotak,2,3,12,13
9762.66,0,01-01-2025 15:41,Haryana,Trusted,Fashion,ksarkar@axisbank,3,1,3,52
9458.1,1,23-01-2025 18:26,Morbi,Trusted,Food,eshukla@sbi,6,20,24,0
752.21,0,19-01-2025 17:28,Kerala,Trusted,Food,madhavi27@paytm,3,0,9,25
2424.06,0,09-01-2025 05:24,Arunachal Pradesh,Trusted,Fashion,ygoswami@paytm,2,3,4,86
7048.44,0,19-01-2025 17:26,Gujarat,Trusted,Grocery,bishakha01@axisbank,2,0,10,37
3265.28,0,23-01-2025 15:59,Gujarat,Trusted,Others,siddharth98@paytm,3,5,10,67
2505.49,0,10-01-2025 02:49,Nagaland,Trusted,Electronics,hmann@kotak,2,0,8,19
9446.01,0,07-01-2025 02:19,Uttar Pradesh,Trusted,Others,chavvi93@yesbank,3,3,13,67
471.04,0,05-01-2025 01:49,Nagaland,Trusted,Travel,devanshgour@yesbank,1,1,3,51
4886.25,0,23-01-2025 06:29,Arunachal Pradesh,Trusted,Grocery,tkhalsa@axisbank,2,2,6,21
5071.34,0,05-01-2025 09:12,Manipur,Trusted,Others,dominic01@kotak,1,4,10,44
9018.44,0,01-01-2025 05:47,Mizoram,Trusted,Others,tatarayaan@yesbank,2,1,1,76
9468.15,0,21-01-2025 10:58,Tripura,Trusted,Electronics,jacobkapur@paytm,3,5,5,65
9562.59,0,20-01-2025 02:44,Tamil Nadu,Trusted,Fashion,raivasana@sbi,2,2,3,65
4865.45,0,11-01-2025 19:11,Kerala,Trusted,Grocery,ishani85@icici,1,1,7,21
7512.99,0,10-01-2025 07:37,Sikkim,Trusted,Grocery,johalbina@axisbank,3,0,8,97
3965.75,0,15-01-2025 05:05,Andhra Pradesh,Trusted,Grocery,ayushman68@yesbank,2,1,8,30
3282.83,0,03-01-2025 18:30,Jharkhand,Trusted,Electronics,chandran41@axisbank,3,3,8,37
4475.17,0,09-01-2025 00:25,Mizoram,Trusted,Electronics,deepabahl@hdfcbank,1,1,7,99
5110.2,0,03-01-2025 01:11,Assam,Trusted,Electronics,zcherian@hdfcbank,1,2,9,93
3042.22,0,11-01-2025 05:54,Haryana,Trusted,Travel,timothy16@icici,2,2,5,49
6111.07,0,12-01-2025 00:11,Jharkhand,Trusted,Grocery,sacharya@paytm,1,5,11,35
3564.62,0,16-01-2025 18:02,Uttarakhand,Trusted,Grocery,shettyjatin@axisbank,3,4,11,23
4790.39,0,21-01-2025 20:45,Chhattisgarh,Trusted,Grocery,tnarasimhan@kotak,3,5,6,79
2019.84,0,22-01-2025 23:52,Tamil Nadu,Trusted,Travel,barkhadugar@axisbank,2,3,7,39
9796.6,0,10-01-2025 04:35,Andhra Pradesh,Trusted,Others,reddyjonathan@axisbank,2,5,14,13
8970.14,0,08-01-2025 17:24,Uttar Pradesh,Trusted,Electronics,ksolanki@icici,3,3,13,15
1384.96,0,04-01-2025 06:27,Manipur,Trusted,Fashion,wishi48@kotak,2,3,13,72
3017.4,0,23-01-2025 00:28,Odisha,Trusted,Others,lekharana@icici,1,2,5,27
4227.86,0,13-01-2025 05:46,Meghalaya,Trusted,Grocery,karnikomkaar@icici,2,1,1,12
3969.65,0,23-01-2025 06:26,Gujarat,Trusted,Travel,kadezayan@kotak,1,5,6,28
1260.09,1,16-01-2025 01:55,Darbhanga,Trusted,Fashion,dthaker@axisbank,1,5,12,5
9656.58,0,03-01-2025 04:08,Andhra Pradesh,Trusted,Electronics,groverfitan@yesbank,1,3,9,76
4541.79,0,04-01-2025 13:40,Himachal Pradesh,Trusted,Travel,rattipratyush@sbi,3,3,8,52
70.96,1,07-01-2025 09:12,Sambhal,Untrusted,Electronics,doshifaras@icici,10,9,13,8
4341.18,0,07-01-2025 12:22,Meghalaya,Trusted,Food,yatan87@sbi,2,2,11,11
6238.5,0,06-01-2025 22:40,Andhra Pradesh,Trusted,Food,bbaral@icici,2,2,7,12
5147.48,0,03-01-2025 05:54,Haryana,Trusted,Grocery,saxenaosha@kotak,1,3,7,48
3428.55,0,22-01-2025 13:34,Haryana,Trusted,Grocery,venkateshchristopher@kotak,1,1,9,34
1109.07,0,20-01-2025 07:45,Andhra Pradesh,Trusted,Electronics,amritayadav@axisbank,3,4,12,16
8805.53,0,15-01-2025 09:02,Jharkhand,Trusted,Fashion,veda45@paytm,3,2,8,72
8111.96,0,22-01-2025 05:58,Mizoram,Trusted,Food,ukhurana@icici,1,5,12,20
5090.45,0,14-01-2025 16:39,Haryana,Trusted,Fashion,pavani05@yesbank,3,4,10,81
2729.7,0,05-01-2025 05:07,Chhattisgarh,Trusted,Travel,vincent34@sbi,1,2,2,74
4684.21,0,14-01-2025 19:47,Uttarakhand,Trusted,Food,rishi81@kotak,2,1,9,40
1261.3,0,17-01-2025 17:50,Gujarat,Trusted,Grocery,misraradha@icici,3,1,1,40
6875.46,0,14-01-2025 18:22,Goa,Trusted,Food,fitan36@yesbank,3,3,8,10
2140.62,0,09-01-2025 01:32,Haryana,Trusted,Others,rohanmohanty@icici,2,5,12,100
7680.67,0,11-01-2025 09:54,Rajasthan,Trusted,Grocery,parmarfinn@sbi,1,1,9,49
9183.84,0,06-01-2025 14:19,Haryana,Trusted,Food,ommanbir@sbi,3,2,9,22
4068.4,0,13-01-2025 08:34,Rajasthan,Trusted,Food,lallachatresh@axisbank,1,4,8,28
6994.61,0,21-01-2025 11:49,Assam,Trusted,Others,bahadurjitbasu@yesbank,1,2,2,95
4209.18,0,07-01-2025 03:34,Manipur,Trusted,Food,oakaarav@kotak,1,3,10,30
443.58,0,13-01-2025 00:50,Kerala,Trusted,Food,vaishnavivohra@icici,3,0,2,59
7540.53,0,24-01-2025 07:04,Meghalaya,Trusted,Travel,xavierkuruvilla@sbi,2,2,11,87
4595.7,0,16-01-2025 21:41,Kerala,Trusted,Travel,mahalparth@sbi,2,0,6,21
7058.82,0,15-01-2025 23:57,Goa,Trusted,Fashion,dattachakradhar@sbi,3,0,4,81
2878.69,0,15-01-2025 13:00,Punjab,Trusted,Grocery,avi25@kotak,1,3,4,26
6104.9,0,09-01-2025 14:01,Nagaland,Trusted,Others,dalajachander@hdfcbank,1,5,13,70
558.1,0,12-01-2025 18:56,Andhra Pradesh,Trusted,Electronics,eshana60@paytm,2,5,5,99
2157.64,0,13-01-2025 14:51,Kerala,Trusted,Travel,banjeetsetty@kotak,2,3,13,12
4319.49,0,01-01-2025 04:47,Karnataka,Trusted,Electronics,palllibni@paytm,2,3,8,71
3764.12,0,10-01-2025 01:12,Rajasthan,Trusted,Food,menondaniel@sbi,3,1,2,34
5423.23,0,22-01-2025 12:02,Arunachal Pradesh,Trusted,Others,kprasad@sbi,2,3,10,55
1523.83,0,12-01-2025 18:30,Punjab,Trusted,Travel,pradhanwazir@kotak,3,4,10,13
431.78,1,22-01-2025 05:38,Srinagar,Trusted,Electronics,qghose@hdfcbank,7,20,20,4
9332.48,0,16-01-2025 19:43,Rajasthan,Trusted,Fashion,girindra68@hdfcbank,3,3,5,57
3193.88,0,20-01-2025 09:43,West Bengal,Trusted,Food,beraeesha@icici,1,3,13,54
9491.44,0,15-01-2025 23:27,Meghalaya,Trusted,Fashion,sanya41@yesbank,2,5,10,42
668.12,0,08-01-2025 23:48,Bihar,Trusted,Food,jonathanwali@yesbank,1,5,6,98
5408.3,1,11-01-2025 17:37,Jamnagar,Untrusted,Fashion,edeshmukh@icici,3,16,20,8
2090.79,1,06-01-2025 08:52,Mira-Bhayandar,Trusted,Travel,parekhchandresh@sbi,7,15,21,2
967.34,0,06-01-2025 15:40,Nagaland,Trusted,Grocery,oliverloyal@paytm,3,0,3,48
2287.33,0,22-01-2025 15:50,Kerala,Trusted,Travel,xitiagrawal@paytm,3,5,11,57
8456.29,0,06-01-2025 14:03,Uttarakhand,Trusted,Food,memonekaraj@axisbank,1,2,9,97
8107.94,0,14-01-2025 08:00,Meghalaya,Trusted,Food,masterbalendra@yesbank,1,3,3,35
7959.66,0,15-01-2025 05:38,Meghalaya,Trusted,Travel,ikaul@kotak,1,5,12,100
4862,0,03-01-2025 04:27,Karnataka,Trusted,Others,dhritiraju@paytm,3,3,11,35
5304.88,0,05-01-2025 17:31,Rajasthan,Trusted,Grocery,bhavanivyas@axisbank,1,2,5,44
4368.21,0,08-01-2025 13:55,Mizoram,Trusted,Fashion,tanejaekansh@sbi,3,2,6,87
7999.78,0,12-01-2025 00:21,Kerala,Trusted,Others,mkaul@sbi,2,1,6,32
2971.81,0,06-01-2025 15:38,Chhattisgarh,Trusted,Food,dchaudhry@kotak,1,4,13,16
2577.66,0,06-01-2025 00:32,Telangana,Trusted,Grocery,tristanvasa@sbi,1,1,8,48
6722.6,0,24-01-2025 01:27,Uttarakhand,Trusted,Electronics,darika51@icici,2,5,9,32
7535.5,0,03-01-2025 12:03,West Bengal,Trusted,Travel,nandinibaria@yesbank,3,2,6,46
9681.6,0,19-01-2025 10:33,Kerala,Trusted,Food,boradarika@hdfcbank,3,1,6,16
9406.32,0,02-01-2025 03:16,Sikkim,Trusted,Food,devanshraju@paytm,2,1,1,57
9939.89,0,19-01-2025 21:35,Haryana,Trusted,Food,pantbhanumati@axisbank,3,4,4,92
6836.66,0,09-01-2025 03:48,Assam,Trusted,Others,kalitayauvani@yesbank,1,1,10,29
4068.74,0,13-01-2025 09:21,Gujarat,Trusted,Food,atwaljasmit@hdfcbank,2,1,7,47
5261.95,0,14-01-2025 07:13,Gujarat,Trusted,Travel,barkha83@hdfcbank,3,4,5,43
3242.8,0,11-01-2025 21:29,Kerala,Trusted,Electronics,ckarpe@kotak,2,1,3,23
6493.03,0,15-01-2025 14:16,Nagaland,Trusted,Fashion,isaiahchaudhuri@yesbank,3,4,4,90
5895.53,0,13-01-2025 02:14,Goa,Trusted,Electronics,dharekaraj@kotak,2,3,3,44
7074.46,0,15-01-2025 16:12,Haryana,Trusted,Food,bhavanikara@sbi,3,0,10,74
8460.49,0,02-01-2025 16:28,Manipur,Trusted,Food,baligautam@paytm,3,2,3,64
2684.49,0,22-01-2025 08:41,Mizoram,Trusted,Grocery,hborah@paytm,1,5,10,65
2844.82,0,17-01-2025 20:16,Mizoram,Trusted,Fashion,chatterjeeradhika@hdfcbank,1,1,6,38
1828.52,0,13-01-2025 01:35,Himachal Pradesh,Trusted,Fashion,adya78@sbi,1,3,4,51
1791.23,0,24-01-2025 08:34,Haryana,Trusted,Electronics,chawlajacob@hdfcbank,2,1,10,65
526.75,1,03-01-2025 17:46,Raurkela Industrial Township,Trusted,Fashion,matthewmannan@yesbank,2,20,23,6
6894.66,0,06-01-2025 18:49,Gujarat,Trusted,Travel,krisha97@kotak,2,5,6,43
179.74,0,11-01-2025 17:17,Jharkhand,Trusted,Grocery,msarkar@axisbank,2,1,1,93
5847.78,0,04-01-2025 10:19,Chhattisgarh,Trusted,Travel,dugalvyanjana@axisbank,2,3,9,81
34.64,0,22-01-2025 13:03,West Bengal,Trusted,Grocery,shroffchakradev@icici,2,0,7,33
2467.98,0,20-01-2025 02:44,Gujarat,Trusted,Others,roywaida@icici,2,2,7,62
5128.96,0,09-01-2025 05:34,Telangana,Trusted,Grocery,gbhardwaj@sbi,2,5,9,17
469.45,0,07-01-2025 07:57,Goa,Trusted,Fashion,ddar@kotak,2,2,10,68
3991.29,0,24-01-2025 16:39,West Bengal,Trusted,Electronics,chanakya16@sbi,3,0,8,18
4103.41,0,13-01-2025 23:12,Mizoram,Trusted,Food,kiaankashyap@paytm,2,5,8,88
1626.3,0,19-01-2025 11:22,West Bengal,Trusted,Fashion,bhavikakulkarni@sbi,1,2,3,47
9278.49,0,06-01-2025 13:44,Kerala,Trusted,Grocery,janikrisha@hdfcbank,1,5,8,27
8910.62,0,10-01-2025 10:44,Karnataka,Trusted,Food,fmore@kotak,2,2,5,44
394.12,0,11-01-2025 02:27,Madhya Pradesh,Trusted,Travel,anshsampath@sbi,1,0,9,68
1294.11,0,11-01-2025 07:06,Kerala,Trusted,Fashion,naveen79@hdfcbank,1,1,2,55
1244.41,0,19-01-2025 02:48,Punjab,Trusted,Fashion,barkha33@hdfcbank,3,5,8,81
6039.62,0,24-01-2025 04:08,Chhattisgarh,Trusted,Electronics,oakbhanumati@icici,2,2,8,32
9068.83,0,16-01-2025 03:45,Madhya Pradesh,Trusted,Food,buchfaraj@kotak,1,4,11,72
2589.55,0,10-01-2025 22:10,Mizoram,Trusted,Grocery,vinaya66@icici,1,4,13,52
6216.97,0,16-01-2025 06:41,Punjab,Trusted,Grocery,harrison30@paytm,2,5,12,26
944.48,0,08-01-2025 05:02,Tripura,Trusted,Fashion,yashoda19@axisbank,1,5,15,29
374.43,0,02-01-2025 20:47,Andhra Pradesh,Trusted,Grocery,krishna22@sbi,2,3,11,12
8302.85,0,23-01-2025 01:58,Odisha,Trusted,Food,oscardave@axisbank,1,2,7,34
3185.39,0,11-01-2025 01:54,Odisha,Trusted,Electronics,pushtiamble@paytm,1,5,9,85
8940.8,0,15-01-2025 15:19,Assam,Trusted,Travel,vedant66@icici,2,0,0,77
119.82,0,03-01-2025 05:35,Punjab,Trusted,Electronics,seshadrinidra@axisbank,3,5,12,91
6551.48,0,18-01-2025 10:10,Nagaland,Trusted,Others,wkohli@kotak,2,0,2,53
2442.46,1,01-01-2025 10:18,Vasai-Virar,Untrusted,Grocery,tejas35@axisbank,9,11,20,7
3788.63,1,21-01-2025 04:55,Cuttack,Trusted,Travel,aryamadhav@sbi,4,11,17,8
8873.39,0,24-01-2025 04:52,Chhattisgarh,Trusted,Others,uzachariah@hdfcbank,3,0,8,78
7905.19,0,01-01-2025 01:57,Punjab,Trusted,Travel,samar08@icici,2,0,7,55
730.6,0,13-01-2025 00:52,Arunachal Pradesh,Trusted,Food,eta10@hdfcbank,2,4,11,61
1446.37,0,07-01-2025 18:56,Kerala,Trusted,Fashion,giriksachdeva@hdfcbank,2,0,7,92
6479.49,0,09-01-2025 05:29,Chhattisgarh,Trusted,Grocery,triptichandra@axisbank,2,1,1,34
9725.16,0,22-01-2025 14:40,Haryana,Trusted,Others,hansbhavna@axisbank,2,1,7,27
2000.29,0,06-01-2025 11:22,Madhya Pradesh,Trusted,Grocery,tristandeep@icici,1,4,6,59
6722.97,0,11-01-2025 14:22,Bihar,Trusted,Food,baradmanbir@hdfcbank,3,5,5,89
9928.11,0,23-01-2025 12:19,Odisha,Trusted,Travel,zkala@hdfcbank,3,1,3,12
1794.48,0,14-01-2025 07:45,Andhra Pradesh,Trusted,Fashion,bajajgavin@icici,3,5,5,36
7151.4,0,14-01-2025 02:24,Tamil Nadu,Trusted,Others,kandaaachal@hdfcbank,1,5,7,12
4119.99,0,18-01-2025 02:37,Arunachal Pradesh,Trusted,Electronics,mitalikunda@yesbank,3,5,5,96
9827.75,0,23-01-2025 19:43,Jharkhand,Trusted,Food,libnichandra@sbi,1,3,7,87
9476.8,0,15-01-2025 03:16,Andhra Pradesh,Trusted,Grocery,ekbalagate@axisbank,3,2,6,25
7285.58,0,17-01-2025 13:00,Karnataka,Trusted,Fashion,theodore32@hdfcbank,3,5,10,82
3792.13,0,16-01-2025 20:14,Chhattisgarh,Trusted,Others,vamakshi06@hdfcbank,2,1,10,31
768.3,1,21-01-2025 08:40,Jamalpur,Trusted,Grocery,vermavansha@icici,7,5,12,6
6395.62,0,19-01-2025 00:23,Rajasthan,Trusted,Electronics,sanya65@icici,1,1,9,78
9703.11,0,15-01-2025 22:53,Uttarakhand,Trusted,Electronics,gagan26@icici,3,5,6,68
7682.99,0,07-01-2025 19:48,Tamil Nadu,Trusted,Electronics,qadim73@axisbank,3,4,14,56
9989.14,0,05-01-2025 16:27,West Bengal,Trusted,Electronics,dhillonindali@axisbank,1,3,8,72
7257.35,0,17-01-2025 18:16,Odisha,Trusted,Grocery,frado73@sbi,3,1,1,47
4815.29,0,23-01-2025 02:11,Karnataka,Trusted,Others,vsaini@kotak,2,3,7,59
5126.11,0,06-01-2025 04:58,Telangana,Trusted,Others,advay25@yesbank,1,1,4,15
9903.11,0,14-01-2025 23:14,Haryana,Trusted,Others,zsuri@kotak,3,2,4,63
95.34,0,22-01-2025 16:09,Uttarakhand,Trusted,Food,asoni@paytm,2,3,4,58
1756.99,0,01-01-2025 03:40,Haryana,Trusted,Others,david10@sbi,3,4,7,93
1223.95,1,24-01-2025 15:55,Imphal,Trusted,Grocery,olivernagi@paytm,8,16,25,5
2915.13,0,02-01-2025 12:13,Manipur,Trusted,Grocery,nathwahab@hdfcbank,3,1,10,83
1869.99,0,19-01-2025 18:42,Himachal Pradesh,Trusted,Food,yashawini11@icici,2,2,12,12
3317.37,0,23-01-2025 11:43,Tripura,Trusted,Electronics,chakradhardoctor@kotak,3,1,5,32
3379.25,0,17-01-2025 12:39,West Bengal,Trusted,Grocery,balicharita@hdfcbank,1,0,5,51
2971.9,0,05-01-2025 15:51,Arunachal Pradesh,Trusted,Grocery,morarnaksh@yesbank,2,1,8,59
8590.31,0,02-01-2025 10:27,Jharkhand,Trusted,Grocery,odikalall@icici,3,4,14,97
4196.68,0,16-01-2025 01:29,Assam,Trusted,Others,bhaktaanika@axisbank,1,3,10,85
8880.07,0,02-01-2025 12:09,Sikkim,Trusted,Travel,sbalan@yesbank,1,3,3,45
5525.37,0,06-01-2025 03:11,Punjab,Trusted,Others,krishnamurthycharan@hdfcbank,3,2,7,54
9620.16,0,16-01-2025 22:07,Uttarakhand,Trusted,Fashion,achand@sbi,2,0,7,45
8647.18,0,22-01-2025 04:13,Bihar,Trusted,Fashion,jhayre@sbi,2,2,2,33
9564.75,0,03-01-2025 01:35,Telangana,Trusted,Grocery,saurora@kotak,1,0,1,96
7984.85,0,10-01-2025 04:24,Chhattisgarh,Trusted,Fashion,peteragrawal@paytm,1,5,13,67
4062.69,0,16-01-2025 13:57,Uttarakhand,Trusted,Electronics,randhawaunnati@axisbank,2,1,7,90
6723.42,1,05-01-2025 21:24,Khandwa,Untrusted,Food,ijayavohra@hdfcbank,4,18,23,6
2788.75,0,05-01-2025 04:22,Uttarakhand,Trusted,Travel,pooja92@icici,2,1,6,88
5158.96,0,07-01-2025 07:28,Odisha,Trusted,Fashion,sathvik83@hdfcbank,2,3,3,21
8761.6,0,03-01-2025 11:28,Maharashtra,Trusted,Fashion,wbhargava@yesbank,3,1,4,64
5628.95,0,06-01-2025 15:47,Jharkhand,Trusted,Travel,kumermadhav@icici,2,0,7,17
8126.7,0,07-01-2025 23:16,Tamil Nadu,Trusted,Food,xdate@axisbank,1,0,3,21
8571,0,13-01-2025 08:42,Kerala,Trusted,Others,dhawanekta@icici,3,5,15,31
7268.91,0,11-01-2025 03:13,Andhra Pradesh,Trusted,Grocery,wsampath@paytm,1,0,1,52
1241.86,0,02-01-2025 06:09,Assam,Trusted,Others,gagandugar@kotak,3,1,8,97
7763.92,0,15-01-2025 14:37,Tripura,Trusted,Food,lohitjayaraman@axisbank,3,4,5,27
6463.57,0,23-01-2025 20:41,Jharkhand,Trusted,Grocery,deimaran@kotak,2,0,7,21
6713.97,0,11-01-2025 18:21,Odisha,Trusted,Food,jacobborra@sbi,2,3,5,62
9543.83,0,02-01-2025 06:25,Haryana,Trusted,Travel,azaan37@axisbank,3,0,6,52
6592.01,0,12-01-2025 12:38,Haryana,Trusted,Electronics,jacob60@sbi,1,0,5,70
8757.05,0,21-01-2025 05:21,Chhattisgarh,Trusted,Fashion,samuelsahni@sbi,1,5,8,36
6138.08,0,20-01-2025 02:55,Uttar Pradesh,Trusted,Others,bajwayachana@icici,3,1,9,15
2079.36,0,14-01-2025 13:45,Chhattisgarh,Trusted,Fashion,harshil20@paytm,3,3,11,91
5296.71,0,19-01-2025 02:05,Nagaland,Trusted,Travel,charvichawla@axisbank,1,5,15,58
5885.63,0,18-01-2025 08:58,Manipur,Trusted,Travel,samakshvenkataraman@hdfcbank,2,1,11,10
6715.43,0,17-01-2025 04:17,Uttarakhand,Trusted,Food,megha04@hdfcbank,1,1,2,50
8399.96,0,16-01-2025 22:18,Uttarakhand,Trusted,Travel,qsandal@hdfcbank,2,5,8,43
5232.25,0,20-01-2025 15:06,West Bengal,Trusted,Travel,aachal06@sbi,1,2,10,54
3254.54,0,04-01-2025 04:02,Goa,Trusted,Food,gbehl@kotak,2,3,10,63
6669.89,0,11-01-2025 11:03,Chhattisgarh,Trusted,Grocery,tchakrabarti@hdfcbank,3,4,12,72
1307.67,0,13-01-2025 21:20,Assam,Trusted,Electronics,varmarachita@hdfcbank,2,3,10,74
5926.08,0,08-01-2025 13:21,Meghalaya,Trusted,Grocery,santishaan@sbi,1,3,6,78
9679.04,0,06-01-2025 01:33,Arunachal Pradesh,Trusted,Electronics,fsharma@kotak,2,1,1,47
5857.73,0,02-01-2025 20:55,Punjab,Trusted,Fashion,lsampath@axisbank,2,3,4,98
2250.02,0,20-01-2025 19:59,Mizoram,Trusted,Fashion,settybhavani@hdfcbank,2,5,9,93
339.15,0,12-01-2025 15:09,Punjab,Trusted,Travel,bhavika04@sbi,1,0,1,82
5669.58,0,14-01-2025 11:17,Mizoram,Trusted,Travel,nilimaroy@sbi,1,2,12,62
7310,0,06-01-2025 23:49,Arunachal Pradesh,Trusted,Others,balveer92@sbi,2,4,11,63
452.34,0,16-01-2025 12:13,Uttarakhand,Trusted,Travel,lsane@paytm,2,3,12,48
7087.64,0,14-01-2025 15:06,Haryana,Trusted,Others,gkumer@paytm,2,4,13,84
592.03,1,11-01-2025 02:59,Kota,Trusted,Travel,vreddy@paytm,2,19,20,8
7399.28,0,04-01-2025 09:54,Nagaland,Trusted,Travel,aarnav55@yesbank,3,4,8,35
6673.07,0,08-01-2025 21:31,Maharashtra,Trusted,Travel,laban51@paytm,2,4,11,57
6123.72,1,14-01-2025 02:47,Phusro,Untrusted,Electronics,laban57@kotak,8,16,26,10
5935.71,0,05-01-2025 13:14,Haryana,Trusted,Others,hsathe@hdfcbank,1,2,2,55
9052.58,0,04-01-2025 19:18,Arunachal Pradesh,Trusted,Travel,thomas54@yesbank,1,0,5,17
4699.17,0,12-01-2025 07:59,Chhattisgarh,Trusted,Travel,kbhatti@yesbank,1,4,9,67
7886.11,0,02-01-2025 00:26,Sikkim,Trusted,Fashion,isaac10@sbi,3,5,10,26
9252.14,0,24-01-2025 13:53,Tamil Nadu,Trusted,Electronics,lila17@axisbank,1,0,1,78
1313.49,0,03-01-2025 19:49,Arunachal Pradesh,Trusted,Grocery,krisha93@sbi,2,2,3,66
5236.83,0,18-01-2025 13:07,Uttarakhand,Trusted,Fashion,xdutta@kotak,1,2,8,25
8531.88,0,24-01-2025 11:49,Haryana,Trusted,Grocery,rudra02@icici,3,5,14,82
1966.3,0,14-01-2025 22:28,Assam,Trusted,Fashion,gautamitailor@axisbank,3,0,0,59
36.88,0,07-01-2025 07:07,Telangana,Trusted,Fashion,sdeshmukh@sbi,1,1,3,90
9638.11,0,01-01-2025 07:57,Chhattisgarh,Trusted,Food,natarajanvritti@yesbank,1,0,6,24
8838.61,0,01-01-2025 11:48,Assam,Trusted,Fashion,dhawanoscar@axisbank,2,1,10,82
4460.18,0,09-01-2025 09:16,Arunachal Pradesh,Trusted,Others,irout@axisbank,1,1,3,18
8324.56,0,12-01-2025 19:05,West Bengal,Trusted,Others,tejasmammen@yesbank,1,0,0,36
5264.39,0,13-01-2025 12:56,Karnataka,Trusted,Electronics,vrishti73@yesbank,3,1,10,24
2188.54,0,17-01-2025 23:24,Kerala,Trusted,Others,manandash@paytm,1,3,9,91
8898.49,0,07-01-2025 17:20,Arunachal Pradesh,Trusted,Food,magarchaitaly@hdfcbank,1,5,6,58
4027.59,0,11-01-2025 18:13,Bihar,Trusted,Food,oscar32@icici,1,1,2,22
2648.87,0,01-01-2025 08:26,Manipur,Trusted,Others,kalachakradev@hdfcbank,3,3,9,18
6139.91,0,04-01-2025 22:27,Nagaland,Trusted,Fashion,yagneshbains@axisbank,2,4,4,79
5812.64,0,06-01-2025 03:48,Uttar Pradesh,Trusted,Food,advik72@icici,1,0,1,60
7202.09,0,01-01-2025 19:50,Nagaland,Trusted,Food,garimaradhakrishnan@icici,2,5,5,90
4219.85,0,03-01-2025 02:45,Nagaland,Trusted,Food,edhitha63@sbi,3,4,10,35
5316.39,0,04-01-2025 16:49,Karnataka,Trusted,Food,zzacharia@yesbank,2,1,4,61
1146.67,0,24-01-2025 08:55,Haryana,Trusted,Grocery,aadhyasachdev@axisbank,3,5,11,15
7730.54,0,07-01-2025 03:37,Himachal Pradesh,Trusted,Fashion,janani88@paytm,2,2,9,43
3141.63,0,15-01-2025 18:04,Arunachal Pradesh,Trusted,Electronics,csaha@kotak,2,2,5,53
8783.25,0,03-01-2025 00:40,Kerala,Trusted,Travel,daksha50@icici,1,3,9,73
7049.09,0,16-01-2025 17:21,Andhra Pradesh,Trusted,Food,farhan02@hdfcbank,1,3,3,13
2383.57,0,23-01-2025 00:33,Mizoram,Trusted,Grocery,gunbir04@axisbank,1,3,7,23
728.07,0,11-01-2025 12:27,Kerala,Trusted,Electronics,zansi27@sbi,2,5,15,23
9454.17,0,07-01-2025 01:51,West Bengal,Trusted,Electronics,otata@icici,1,3,12,22
3241.6,0,01-01-2025 20:00,Telangana,Trusted,Travel,lipikakale@hdfcbank,1,0,10,71
5936.55,0,13-01-2025 07:26,Meghalaya,Trusted,Grocery,pranavshroff@icici,2,3,11,83
2884.66,0,08-01-2025 08:41,Jharkhand,Trusted,Fashion,rattaamaira@hdfcbank,1,2,9,11
9827.83,0,16-01-2025 13:52,Meghalaya,Trusted,Others,chanakya55@icici,1,1,8,10
636.61,0,11-01-2025 15:25,Arunachal Pradesh,Trusted,Food,dgoyal@paytm,3,4,6,17
9781.14,0,09-01-2025 14:02,Andhra Pradesh,Trusted,Electronics,lchatterjee@paytm,3,1,6,32
811.75,0,02-01-2025 13:29,Uttarakhand,Trusted,Travel,ishanvi02@sbi,2,0,1,98
148.19,0,12-01-2025 01:09,Himachal Pradesh,Trusted,Travel,mayaramachandran@icici,2,1,2,32
5598.37,0,24-01-2025 02:13,Manipur,Trusted,Others,anya79@icici,3,0,4,52
3174.56,0,22-01-2025 17:56,Uttar Pradesh,Trusted,Fashion,regeamruta@axisbank,2,4,7,19
6676.27,0,24-01-2025 05:02,Maharashtra,Trusted,Food,butalawarinder@sbi,2,4,9,10
1589.75,0,05-01-2025 11:56,Odisha,Trusted,Travel,oeshisheth@paytm,2,4,6,52
5954.64,0,20-01-2025 22:08,Gujarat,Trusted,Travel,jyotikumer@axisbank,3,4,9,22
4392.42,0,19-01-2025 17:00,Uttarakhand,Trusted,Travel,isaac56@paytm,3,3,3,41
9951.04,0,05-01-2025 16:19,Himachal Pradesh,Trusted,Travel,vrishtinagarajan@kotak,1,3,13,41
5481.34,0,20-01-2025 18:51,Assam,Trusted,Electronics,anjalinayak@hdfcbank,1,1,2,28
9264.4,0,06-01-2025 08:22,Uttar Pradesh,Trusted,Fashion,suhani61@icici,2,0,4,85
7341.8,0,01-01-2025 18:56,Odisha,Trusted,Electronics,nagyqasim@axisbank,3,5,10,63
4692.2,0,24-01-2025 04:27,Himachal Pradesh,Trusted,Fashion,vivaanthaker@icici,3,2,5,97
6559.39,0,19-01-2025 20:45,Bihar,Trusted,Others,galaronith@axisbank,3,4,9,31
2575.88,0,06-01-2025 03:05,West Bengal,Trusted,Fashion,talwarjatin@paytm,3,1,5,85
8754.32,0,06-01-2025 16:56,Uttar Pradesh,Trusted,Grocery,tbajwa@sbi,3,2,8,16
8559.75,0,02-01-2025 11:33,Odisha,Trusted,Food,jmall@hdfcbank,1,1,4,61
2621.5,0,04-01-2025 16:26,Sikkim,Trusted,Food,tshenoy@axisbank,1,3,3,69
9888.59,0,21-01-2025 20:42,Tamil Nadu,Trusted,Food,harshil15@axisbank,3,0,8,11
3181.27,0,05-01-2025 02:37,Himachal Pradesh,Trusted,Others,wbhattacharyya@paytm,1,4,6,57
7190.69,0,13-01-2025 16:45,Mizoram,Trusted,Travel,miteshswamy@icici,3,0,4,77
1013.7,0,21-01-2025 15:26,Odisha,Trusted,Others,azadparmer@kotak,3,5,8,78
9148.87,1,11-01-2025 21:30,Vijayawada,Trusted,Fashion,amann@paytm,7,20,28,7
1088.53,0,14-01-2025 14:50,Goa,Trusted,Fashion,bhallaekavir@icici,2,4,14,78
6146.06,0,10-01-2025 09:07,Goa,Trusted,Food,balayashica@hdfcbank,2,0,4,94
4159.25,0,04-01-2025 13:53,Goa,Trusted,Travel,jagdishmannan@kotak,3,2,5,81
5689.45,0,03-01-2025 19:40,Kerala,Trusted,Fashion,deepajha@kotak,1,4,14,29
5417.56,0,19-01-2025 05:12,Kerala,Trusted,Fashion,omkaarsingh@kotak,1,0,2,64
6719,0,23-01-2025 01:13,Arunachal Pradesh,Trusted,Grocery,advik39@axisbank,3,5,13,27
1188.11,0,10-01-2025 14:12,Goa,Trusted,Electronics,radha43@axisbank,2,2,8,42
7737.76,0,07-01-2025 12:40,Meghalaya,Trusted,Electronics,sgarg@kotak,1,4,9,40
7404.94,0,19-01-2025 03:39,Assam,Trusted,Electronics,rchada@icici,2,4,10,92
2499.21,0,18-01-2025 18:05,Telangana,Trusted,Fashion,tkalla@sbi,2,0,8,12
6300.6,0,09-01-2025 09:21,Tamil Nadu,Trusted,Travel,cmajumdar@paytm,1,4,5,47
9062.53,0,02-01-2025 05:40,Manipur,Trusted,Travel,chandresh75@sbi,3,3,11,100
8174.96,0,17-01-2025 16:23,Odisha,Trusted,Travel,sachdevtimothy@yesbank,3,2,9,42
3349.27,0,09-01-2025 10:54,Tamil Nadu,Trusted,Fashion,wrai@kotak,3,4,13,71
9389.03,0,17-01-2025 15:32,Arunachal Pradesh,Trusted,Fashion,xavier85@axisbank,3,4,10,30
8074.8,0,08-01-2025 21:19,Meghalaya,Trusted,Grocery,vinayagokhale@paytm,1,1,7,21
5242.65,0,01-01-2025 10:01,Manipur,Trusted,Others,mitali27@yesbank,2,2,12,51
3186.48,0,22-01-2025 23:20,Assam,Trusted,Others,bawaishaan@kotak,3,1,1,69
903.11,0,23-01-2025 02:43,Himachal Pradesh,Trusted,Electronics,farissahni@hdfcbank,3,5,10,95
9674.32,0,20-01-2025 18:44,Maharashtra,Trusted,Electronics,vedaagate@sbi,3,1,1,24
2968.89,0,04-01-2025 04:05,Tamil Nadu,Trusted,Others,ubadami@axisbank,2,5,10,59
330.31,0,08-01-2025 14:52,Goa,Trusted,Travel,daraekiya@sbi,3,5,13,14
4070.44,0,03-01-2025 22:55,Himachal Pradesh,Trusted,Electronics,nmohan@yesbank,2,5,11,38
4195.24,0,21-01-2025 18:49,Madhya Pradesh,Trusted,Others,adyasankar@kotak,1,3,11,69
4405.82,0,10-01-2025 01:40,Meghalaya,Trusted,Travel,onveer43@axisbank,1,3,13,17
3677.28,0,23-01-2025 20:57,Bihar,Trusted,Fashion,schahal@kotak,1,1,1,91
7448.21,0,06-01-2025 16:33,Punjab,Trusted,Travel,fbala@paytm,1,3,4,61
2279.29,0,14-01-2025 19:55,Karnataka,Trusted,Others,prakashforum@kotak,2,2,3,23
8661.38,0,23-01-2025 16:32,Uttar Pradesh,Trusted,Travel,ansh08@kotak,2,3,5,64
2368.23,0,16-01-2025 08:25,Kerala,Trusted,Travel,ethankonda@yesbank,1,0,8,37
6735.88,0,20-01-2025 05:53,Tamil Nadu,Trusted,Electronics,lnanda@yesbank,2,5,10,27
2842.9,0,09-01-2025 04:49,Jharkhand,Trusted,Food,viswanathanakshay@hdfcbank,1,0,3,61
1623.02,0,03-01-2025 15:13,Arunachal Pradesh,Trusted,Grocery,ojas34@hdfcbank,3,4,8,47
1010.19,0,01-01-2025 01:23,Tripura,Trusted,Others,michaellad@axisbank,2,0,7,64
8874.05,0,04-01-2025 02:12,Mizoram,Trusted,Electronics,ianand@yesbank,3,3,7,71
2858.19,0,16-01-2025 16:35,Meghalaya,Trusted,Food,bakshireva@icici,2,5,11,70
3661.76,0,02-01-2025 09:12,West Bengal,Trusted,Others,xalak79@paytm,2,1,1,11
7446.2,1,13-01-2025 07:59,Bhind,Untrusted,Others,sathviksane@paytm,6,5,10,10
5705.87,0,24-01-2025 04:14,Uttarakhand,Trusted,Fashion,swamybhanumati@paytm,2,1,2,67
6866.56,0,07-01-2025 04:45,Tripura,Trusted,Food,okamdar@yesbank,2,4,9,68
6678.45,0,05-01-2025 09:43,Madhya Pradesh,Trusted,Grocery,dasguptaquincy@hdfcbank,2,0,9,26
1560.19,0,19-01-2025 09:21,Odisha,Trusted,Others,yrao@kotak,3,0,0,91
4575.03,0,17-01-2025 22:40,Odisha,Trusted,Grocery,siyamittal@sbi,3,3,10,86
6625.62,0,13-01-2025 08:38,Meghalaya,Trusted,Electronics,calebmander@kotak,3,4,8,26
9782.48,0,16-01-2025 20:03,Chhattisgarh,Trusted,Food,nehasetty@icici,2,5,15,15
5600.57,0,17-01-2025 00:15,Bihar,Trusted,Electronics,radhakata@yesbank,1,5,12,30
6193.35,0,15-01-2025 11:16,Chhattisgarh,Trusted,Grocery,dkalla@yesbank,2,2,10,99
46.63,0,21-01-2025 14:43,Odisha,Trusted,Fashion,qloke@axisbank,2,0,7,98
126.92,0,22-01-2025 16:40,Telangana,Trusted,Fashion,venkataramanforum@paytm,2,1,9,82
8643.41,0,09-01-2025 01:38,Bihar,Trusted,Fashion,madhavprabhakar@yesbank,2,4,7,72
5146.84,0,11-01-2025 21:58,Uttarakhand,Trusted,Travel,ridhi71@hdfcbank,3,5,12,48
4155.22,0,16-01-2025 01:12,West Bengal,Trusted,Travel,akshaydivan@paytm,2,4,9,75
934.52,0,10-01-2025 03:43,Odisha,Trusted,Food,vbatra@sbi,3,0,3,68
9458.45,0,05-01-2025 23:56,Haryana,Trusted,Food,lavanyaloyal@hdfcbank,3,1,9,19
9766.32,0,03-01-2025 07:48,Meghalaya,Trusted,Food,jonathan04@icici,2,0,9,24
2747.32,0,10-01-2025 05:38,Madhya Pradesh,Trusted,Fashion,theodore15@hdfcbank,2,3,12,13
169.18,0,05-01-2025 15:03,Chhattisgarh,Trusted,Fashion,xkota@kotak,2,3,3,49
7034.96,0,16-01-2025 09:26,Goa,Trusted,Others,wyatttandon@paytm,1,5,5,40
7798.28,0,23-01-2025 13:29,Uttar Pradesh,Trusted,Fashion,noah28@yesbank,1,4,9,27
8808.13,0,02-01-2025 15:38,Meghalaya,Trusted,Others,anvi29@kotak,2,0,10,81
5550.45,0,06-01-2025 12:56,Mizoram,Trusted,Travel,sandhunoah@paytm,1,1,3,28
4368.64,0,17-01-2025 13:55,Rajasthan,Trusted,Travel,tripathimohini@sbi,2,2,9,60
6144.16,0,15-01-2025 03:31,Uttarakhand,Trusted,Fashion,narainfinn@icici,2,4,6,21
9179.33,0,08-01-2025 21:38,West Bengal,Trusted,Grocery,thakerjai@yesbank,1,5,15,93
899.48,0,21-01-2025 03:32,Kerala,Trusted,Electronics,mannqarin@yesbank,2,1,8,23
577.07,0,04-01-2025 05:42,Gujarat,Trusted,Grocery,kamalaramakrishnan@paytm,3,4,11,81
4604.98,0,02-01-2025 08:53,Bihar,Trusted,Fashion,floke@kotak,3,5,10,35
3519.98,0,05-01-2025 11:39,Rajasthan,Trusted,Others,aachal98@sbi,1,0,2,99
82.11,0,14-01-2025 16:36,Maharashtra,Trusted,Others,tmangal@hdfcbank,1,4,5,87
6327.01,0,19-01-2025 03:28,Assam,Trusted,Food,xraval@icici,2,1,2,54
928.28,0,21-01-2025 19:29,Andhra Pradesh,Trusted,Others,barkha30@icici,3,1,1,18
754.09,0,15-01-2025 13:41,Rajasthan,Trusted,Electronics,pillayvarenya@yesbank,3,1,1,71
4239.12,0,18-01-2025 06:54,Odisha,Trusted,Electronics,aadi17@axisbank,3,0,8,37
4753.79,1,20-01-2025 00:28,Eluru,Untrusted,Others,panchalsiddharth@yesbank,3,7,7,4
8359.08,0,03-01-2025 11:48,Meghalaya,Trusted,Electronics,srinivasanwarjas@icici,3,1,9,87
56.09,0,12-01-2025 10:07,Rajasthan,Trusted,Others,zashilmallick@sbi,3,0,6,42
9829.38,0,13-01-2025 21:37,Meghalaya,Trusted,Grocery,yutika62@yesbank,3,2,5,56
3518.32,0,23-01-2025 12:09,Punjab,Trusted,Fashion,upma91@kotak,3,0,2,45
5656.83,0,22-01-2025 22:53,Assam,Trusted,Grocery,latalucky@kotak,2,4,4,76
7394.73,0,06-01-2025 16:44,Nagaland,Trusted,Fashion,zdhingra@sbi,3,1,7,88
8087.19,0,21-01-2025 20:55,Mizoram,Trusted,Others,anita27@sbi,2,3,5,15
627.57,0,09-01-2025 03:08,Himachal Pradesh,Trusted,Travel,chandraoliver@kotak,1,0,9,35
9077.1,0,02-01-2025 02:51,Maharashtra,Trusted,Travel,adyaverma@sbi,1,3,11,29
674.91,0,15-01-2025 11:48,Chhattisgarh,Trusted,Food,parmarucchal@hdfcbank,3,1,1,16
4191.76,0,02-01-2025 01:31,Sikkim,Trusted,Travel,abhimanyubassi@axisbank,2,2,6,33
4531.13,0,22-01-2025 10:41,Uttar Pradesh,Trusted,Others,chauhanumang@icici,2,2,10,71
885.69,0,15-01-2025 05:10,Rajasthan,Trusted,Travel,yagnesh01@axisbank,3,0,4,39
4275.03,0,04-01-2025 06:40,Mizoram,Trusted,Travel,nattrachana@yesbank,3,2,12,28
6465.94,0,01-01-2025 16:10,Uttar Pradesh,Trusted,Electronics,maanas26@yesbank,3,2,11,66
6586.47,0,03-01-2025 22:37,Gujarat,Trusted,Electronics,amara49@hdfcbank,3,2,9,20
1730.07,0,05-01-2025 20:00,Uttarakhand,Trusted,Fashion,gchawla@kotak,2,5,14,99
7618.65,0,14-01-2025 18:34,Rajasthan,Trusted,Fashion,zilmilvarghese@hdfcbank,2,5,8,40
1079.41,0,21-01-2025 04:59,Tripura,Trusted,Travel,sarmayasti@kotak,2,2,3,80
2094.37,0,14-01-2025 13:55,Manipur,Trusted,Travel,yadavi52@yesbank,2,1,4,38
6311.69,0,14-01-2025 05:55,Uttarakhand,Trusted,Travel,frado51@yesbank,2,4,4,18
2344.53,0,16-01-2025 01:03,Gujarat,Trusted,Electronics,knadkarni@kotak,3,2,3,87
7256.54,0,08-01-2025 03:31,Jharkhand,Trusted,Grocery,madanjagvi@paytm,2,2,12,33
2018.06,0,21-01-2025 05:28,Jharkhand,Trusted,Others,hkrishna@yesbank,3,0,7,81
3436.69,0,06-01-2025 13:57,Uttarakhand,Trusted,Electronics,issacgavin@axisbank,2,5,9,75
9078.97,0,04-01-2025 07:57,Gujarat,Trusted,Grocery,naveenmohan@icici,3,3,3,55
9096.34,0,03-01-2025 14:27,Maharashtra,Trusted,Grocery,anusha72@hdfcbank,2,5,9,29
2943.69,0,23-01-2025 14:11,Bihar,Trusted,Electronics,jroy@yesbank,1,4,12,73
2797.57,0,12-01-2025 19:28,Kerala,Trusted,Fashion,csolanki@icici,3,5,11,79
1432.04,0,05-01-2025 19:26,Kerala,Trusted,Fashion,avnimalhotra@kotak,2,0,0,86
9296.08,0,16-01-2025 09:20,Nagaland,Trusted,Grocery,psehgal@paytm,2,1,1,78
9788.3,0,18-01-2025 01:54,Tripura,Trusted,Travel,aadhya48@kotak,3,3,5,46
6837.79,0,14-01-2025 19:34,Maharashtra,Trusted,Fashion,sachi71@sbi,3,5,14,95
7956.86,0,13-01-2025 02:15,Himachal Pradesh,Trusted,Fashion,oaknakul@axisbank,3,5,10,94
2509.11,0,07-01-2025 05:39,Goa,Trusted,Fashion,advay25@hdfcbank,1,0,2,18
3724.08,0,14-01-2025 23:02,Chhattisgarh,Trusted,Travel,yauvani45@sbi,1,1,8,67
6496.49,1,19-01-2025 04:50,Bareilly,Untrusted,Fashion,rmander@axisbank,2,11,18,2
5425.46,0,02-01-2025 00:11,Punjab,Trusted,Electronics,ebuch@hdfcbank,2,4,6,15
8344.27,0,02-01-2025 16:16,Jharkhand,Trusted,Travel,zsuresh@axisbank,2,1,6,72
4786.17,0,16-01-2025 07:53,Jharkhand,Trusted,Fashion,edhithakhalsa@axisbank,3,3,13,89
6888.74,0,07-01-2025 04:04,Rajasthan,Trusted,Electronics,varenya18@axisbank,3,4,4,31
1706.99,1,12-01-2025 09:04,Ghaziabad,Untrusted,Electronics,lila48@hdfcbank,1,13,18,3
6231.43,0,14-01-2025 04:06,Assam,Trusted,Fashion,dipta32@icici,2,5,8,100
911.48,0,12-01-2025 23:30,Odisha,Trusted,Grocery,chakradhar75@icici,1,2,6,31
840.03,0,16-01-2025 12:58,Meghalaya,Trusted,Food,dominic64@paytm,3,4,6,68
4340.82,0,19-01-2025 23:55,Uttarakhand,Trusted,Food,hemani05@axisbank,2,3,4,16
1145.76,0,01-01-2025 12:21,Haryana,Trusted,Food,daksharam@hdfcbank,3,0,3,38
6187.99,0,17-01-2025 01:18,Bihar,Trusted,Fashion,virajkrishnan@axisbank,1,4,12,65
3755.59,0,17-01-2025 10:41,Haryana,Trusted,Fashion,dalbir00@icici,2,4,13,63
5040.68,0,23-01-2025 00:33,Manipur,Trusted,Food,mmajumdar@paytm,2,3,10,14
446.97,0,12-01-2025 00:56,Nagaland,Trusted,Fashion,mrau@paytm,2,0,9,40
311.58,0,10-01-2025 18:42,Tripura,Trusted,Fashion,gsathe@yesbank,1,4,8,28
8609.4,0,18-01-2025 03:13,West Bengal,Trusted,Grocery,niharikanaik@kotak,3,4,13,33
9536.92,0,21-01-2025 16:00,Jharkhand,Trusted,Travel,chaudhariaachal@axisbank,3,1,10,39
9754.22,0,21-01-2025 18:22,Manipur,Trusted,Fashion,aayush25@yesbank,1,2,4,49
534.93,0,03-01-2025 17:57,Kerala,Trusted,Travel,oshachopra@paytm,1,4,6,38
5376.87,1,12-01-2025 12:01,Jamnagar,Trusted,Food,fariq10@paytm,3,15,24,8
9210.29,0,04-01-2025 12:05,Nagaland,Trusted,Others,sharmarudra@hdfcbank,3,1,4,20
1558.7,0,08-01-2025 11:49,Himachal Pradesh,Trusted,Fashion,mannandakshesh@icici,3,1,9,80
8871.79,0,01-01-2025 01:10,Odisha,Trusted,Fashion,vincentagrawal@yesbank,1,2,10,36
1987.03,0,21-01-2025 19:02,Maharashtra,Trusted,Fashion,victorparmar@paytm,3,2,3,24
1707.44,0,09-01-2025 00:21,Tamil Nadu,Trusted,Electronics,basakmugdha@yesbank,1,5,15,11
1068.92,0,06-01-2025 14:52,Tripura,Trusted,Grocery,hde@sbi,2,0,9,54
8835.28,0,14-01-2025 01:22,Bihar,Trusted,Travel,oeshi10@axisbank,3,5,15,44
384.45,0,07-01-2025 15:31,Uttarakhand,Trusted,Food,prabhakarbaghyawati@paytm,3,2,5,22
5621.53,0,04-01-2025 21:32,Tamil Nadu,Trusted,Electronics,charangara@hdfcbank,1,3,7,72
8751.41,0,03-01-2025 07:13,Punjab,Trusted,Food,omyanarayanan@kotak,3,5,14,12
5943.45,0,20-01-2025 02:58,Chhattisgarh,Trusted,Electronics,shroffomkaar@icici,1,5,8,41
4808.05,0,06-01-2025 19:03,Assam,Trusted,Travel,dharzilmil@paytm,2,4,9,95
7569.79,0,04-01-2025 19:29,Kerala,Trusted,Fashion,dayamai65@sbi,2,4,7,93
5495.56,0,14-01-2025 21:34,Mizoram,Trusted,Travel,batraria@hdfcbank,2,0,9,74
5659.21,0,10-01-2025 14:05,Karnataka,Trusted,Travel,ddalal@sbi,1,1,3,42
9413.23,0,02-01-2025 07:13,Tripura,Trusted,Others,falan77@yesbank,1,4,12,94
6112.13,0,16-01-2025 01:14,Himachal Pradesh,Trusted,Food,ychatterjee@kotak,1,4,13,83
2692.87,1,13-01-2025 13:50,Danapur,Trusted,Fashion,mekhala54@paytm,8,8,18,5
3974.47,0,23-01-2025 15:38,Andhra Pradesh,Trusted,Food,mahalria@kotak,3,0,2,56
9977.94,0,21-01-2025 16:57,Jharkhand,Trusted,Fashion,memonidika@sbi,1,2,5,17
2847.3,0,21-01-2025 01:38,Sikkim,Trusted,Electronics,chakradharbuch@paytm,3,1,1,68
5363.49,0,15-01-2025 11:29,Tripura,Trusted,Food,xagrawal@sbi,2,4,5,36
1477.75,0,20-01-2025 00:29,Nagaland,Trusted,Food,gramakrishnan@icici,2,2,7,98
7098.16,0,08-01-2025 22:13,Goa,Trusted,Electronics,theodoredeshpande@paytm,2,5,8,82
897.39,0,03-01-2025 19:53,Tripura,Trusted,Fashion,jhalak14@paytm,1,0,2,26
2624.87,0,06-01-2025 14:28,Goa,Trusted,Electronics,ladrobert@kotak,1,0,10,28
402.55,1,01-01-2025 06:08,Dindigul,Untrusted,Food,harish00@paytm,10,19,28,5
1755.67,0,20-01-2025 09:33,Arunachal Pradesh,Trusted,Grocery,ichakraborty@paytm,1,2,2,67
302.19,0,23-01-2025 05:26,Assam,Trusted,Fashion,mmane@hdfcbank,2,1,4,93
1604.15,0,16-01-2025 20:05,Arunachal Pradesh,Trusted,Travel,balveer56@kotak,3,3,7,42
2919.39,0,14-01-2025 17:00,Punjab,Trusted,Others,balendra82@kotak,1,3,3,84
6856.01,0,06-01-2025 13:54,Arunachal Pradesh,Trusted,Fashion,jhalakwadhwa@paytm,1,4,5,38
194.73,0,16-01-2025 10:49,Assam,Trusted,Food,sethisiddharth@icici,3,0,9,88
1790.53,0,14-01-2025 02:42,Karnataka,Trusted,Fashion,jackbala@icici,2,0,7,81
2404.71,0,11-01-2025 06:07,Nagaland,Trusted,Fashion,kalaprabhakar@icici,2,4,6,45
4571.04,0,22-01-2025 15:51,Arunachal Pradesh,Trusted,Travel,gopalsanghvi@yesbank,3,1,7,59
8695,0,20-01-2025 22:56,Sikkim,Trusted,Travel,viswanathanubika@icici,2,1,2,11
4519.04,0,04-01-2025 05:52,Chhattisgarh,Trusted,Fashion,pahal35@paytm,3,1,5,97
6935.07,0,07-01-2025 08:54,Telangana,Trusted,Electronics,ekantikakohli@sbi,3,2,4,31
8187.46,0,09-01-2025 20:27,Madhya Pradesh,Trusted,Grocery,aachalchakrabarti@icici,3,3,13,79
987.38,0,10-01-2025 03:28,Tripura,Trusted,Travel,unnativarty@hdfcbank,2,3,13,85
8604.7,0,24-01-2025 14:15,Telangana,Trusted,Grocery,janujarau@hdfcbank,3,5,6,17
3247.1,0,10-01-2025 12:09,Tamil Nadu,Trusted,Food,george46@axisbank,2,1,8,71
5867.98,0,20-01-2025 16:43,Odisha,Trusted,Others,amritagoyal@yesbank,3,1,7,24
878.57,0,23-01-2025 21:14,Tripura,Trusted,Others,noahsule@hdfcbank,2,5,7,38
8180.85,0,05-01-2025 11:15,Rajasthan,Trusted,Grocery,asachdeva@yesbank,3,0,7,68
2881.84,0,15-01-2025 00:52,Andhra Pradesh,Trusted,Fashion,qadimrege@kotak,1,3,10,56
4609.59,0,01-01-2025 00:08,Meghalaya,Trusted,Grocery,sarinira@paytm,1,3,6,74
869.36,0,04-01-2025 20:27,Kerala,Trusted,Travel,jbora@yesbank,2,5,5,48
1776.36,0,06-01-2025 11:48,Tamil Nadu,Trusted,Others,ethanoak@yesbank,2,5,6,47
9697.02,0,13-01-2025 15:47,Goa,Trusted,Travel,wnadkarni@hdfcbank,2,3,6,88
8472.8,0,19-01-2025 03:20,Sikkim,Trusted,Others,mandarajeshri@hdfcbank,3,5,8,89
883.82,0,08-01-2025 10:31,Jharkhand,Trusted,Travel,tkanda@kotak,3,5,8,83
6743.99,0,19-01-2025 21:00,Punjab,Trusted,Travel,sabharwalgaurav@hdfcbank,3,4,12,65
7681.74,0,05-01-2025 13:05,Maharashtra,Trusted,Fashion,nagarajansaksham@yesbank,1,2,9,55
6704.94,1,02-01-2025 15:49,Imphal,Untrusted,Travel,nishazachariah@axisbank,4,17,22,3
3224,0,20-01-2025 04:45,Bihar,Trusted,Food,chandranbina@kotak,1,0,2,71
6039.46,0,14-01-2025 19:50,Chhattisgarh,Trusted,Grocery,kcheema@sbi,1,2,6,50
62.53,0,13-01-2025 21:02,Tamil Nadu,Trusted,Others,jainfaqid@icici,1,0,6,12
3593.02,0,12-01-2025 03:30,Uttarakhand,Trusted,Grocery,ibobal@sbi,3,0,4,43
6305.4,0,19-01-2025 18:34,Uttar Pradesh,Trusted,Travel,tdevi@hdfcbank,2,1,1,60
3376.99,0,22-01-2025 03:56,Himachal Pradesh,Trusted,Grocery,gagan81@kotak,1,5,5,93
7933.96,0,24-01-2025 07:51,Karnataka,Trusted,Electronics,veda28@paytm,1,3,5,61
7885.98,0,03-01-2025 01:18,Maharashtra,Trusted,Electronics,birjagdish@axisbank,1,3,3,34
7215.08,0,02-01-2025 10:54,Andhra Pradesh,Trusted,Fashion,xbhakta@yesbank,1,5,9,75
6786.31,0,17-01-2025 04:27,Punjab,Trusted,Others,kaleishani@yesbank,2,4,8,92
2211.1,0,24-01-2025 03:07,Kerala,Trusted,Travel,talwaroeshi@paytm,1,2,11,13
850.35,0,16-01-2025 06:02,Jharkhand,Trusted,Travel,falannarula@yesbank,3,4,8,34
602.17,0,11-01-2025 16:21,Goa,Trusted,Electronics,cheemaazaan@hdfcbank,3,3,13,35
9213.49,0,07-01-2025 15:43,Andhra Pradesh,Trusted,Others,rbarad@sbi,3,1,10,18
2915.22,0,06-01-2025 21:42,Goa,Trusted,Electronics,luckymittal@hdfcbank,1,4,10,24
9909.73,0,19-01-2025 12:56,Karnataka,Trusted,Food,dattachaman@axisbank,1,1,10,14
3480.42,0,13-01-2025 10:56,Manipur,Trusted,Grocery,niharikathaman@icici,3,2,9,18
6552.2,0,09-01-2025 19:26,Meghalaya,Trusted,Electronics,atharvmukherjee@hdfcbank,1,0,6,35
1235.51,0,21-01-2025 03:30,Mizoram,Trusted,Fashion,isolanki@icici,3,2,3,75
3722.36,0,13-01-2025 05:21,Madhya Pradesh,Trusted,Others,kavya14@kotak,2,0,2,96
3369.81,0,22-01-2025 10:19,Meghalaya,Trusted,Grocery,lakshitbrahmbhatt@hdfcbank,1,3,12,55
1890.23,0,21-01-2025 22:34,Tripura,Trusted,Grocery,ektatripathi@sbi,2,4,6,91
1820.85,0,06-01-2025 10:56,Uttar Pradesh,Trusted,Food,duttikbal@sbi,2,4,14,25
9557.53,0,09-01-2025 10:53,Haryana,Trusted,Others,keeryadavi@yesbank,2,4,10,26
5282.18,0,04-01-2025 18:02,Meghalaya,Trusted,Electronics,sridharfinn@icici,1,4,6,84
8484.04,0,03-01-2025 06:37,Haryana,Trusted,Electronics,pavanibasak@sbi,2,1,4,43
3027.71,0,09-01-2025 06:17,Mizoram,Trusted,Travel,onkar50@axisbank,3,0,8,82
5604.85,0,07-01-2025 11:43,Tripura,Trusted,Fashion,yochanasangha@paytm,1,0,10,54
1313.47,0,22-01-2025 06:17,Tripura,Trusted,Travel,keya28@paytm,3,2,3,89
1352.67,0,15-01-2025 11:22,Uttarakhand,Trusted,Food,sawhneysaksham@yesbank,3,4,5,67
9444.68,0,10-01-2025 16:30,Chhattisgarh,Trusted,Food,omyanayar@hdfcbank,1,2,3,58
9234.6,0,04-01-2025 02:53,Meghalaya,Trusted,Electronics,mdash@yesbank,1,3,3,44
5234.05,0,01-01-2025 03:47,Andhra Pradesh,Trusted,Electronics,kpant@icici,3,1,3,91
466.04,0,18-01-2025 11:20,Chhattisgarh,Trusted,Others,mgole@kotak,1,4,9,79
1089.75,0,21-01-2025 19:33,Maharashtra,Trusted,Fashion,tanveer78@icici,1,2,7,33
7830.27,0,19-01-2025 00:08,Goa,Trusted,Grocery,ayohannan@axisbank,1,1,7,86
8402.57,0,24-01-2025 01:55,Mizoram,Trusted,Food,wvig@sbi,3,2,8,84
3157.4,0,18-01-2025 10:50,Mizoram,Trusted,Grocery,pborah@hdfcbank,3,3,7,96
5234.24,0,14-01-2025 23:51,Maharashtra,Trusted,Electronics,ychana@icici,2,1,11,92
6906.1,0,04-01-2025 04:06,Uttar Pradesh,Trusted,Travel,zinalbabu@axisbank,3,0,8,33
6015.21,0,05-01-2025 13:53,Nagaland,Trusted,Grocery,balveerhayre@hdfcbank,1,2,12,28
6914.62,0,24-01-2025 03:48,Uttarakhand,Trusted,Electronics,babuirya@paytm,1,2,7,89
5734.02,0,02-01-2025 17:25,Goa,Trusted,Others,rattagagan@icici,2,4,11,26
5052.78,0,10-01-2025 14:58,Assam,Trusted,Others,mitalikari@yesbank,1,4,5,91
9518.06,0,19-01-2025 00:52,Chhattisgarh,Trusted,Others,swaminathanrachita@icici,2,1,5,93
4736.53,0,24-01-2025 09:55,West Bengal,Trusted,Grocery,madandev@axisbank,2,0,9,97
8963.65,0,18-01-2025 09:41,Goa,Trusted,Travel,desaizinal@hdfcbank,2,4,11,17
8156.74,0,14-01-2025 13:24,West Bengal,Trusted,Electronics,dominicmital@kotak,3,1,8,13
499.53,0,17-01-2025 07:50,Gujarat,Trusted,Grocery,raivihaan@hdfcbank,2,5,8,55
1629.25,0,23-01-2025 17:02,Rajasthan,Trusted,Travel,yashasvisule@sbi,2,0,3,27
921.31,0,02-01-2025 22:59,Gujarat,Trusted,Travel,yasti32@hdfcbank,3,3,6,46
3928.89,0,08-01-2025 05:01,Karnataka,Trusted,Travel,ekiya71@paytm,1,3,11,12
2896.58,0,21-01-2025 11:51,Nagaland,Trusted,Others,hsachdeva@axisbank,3,0,1,17
5629.29,0,15-01-2025 18:37,Uttar Pradesh,Trusted,Electronics,dev00@icici,1,5,13,38
2513,0,08-01-2025 05:51,Punjab,Trusted,Fashion,gargchameli@yesbank,1,0,5,47
6371.95,0,19-01-2025 14:49,Himachal Pradesh,Trusted,Travel,niharika82@yesbank,1,5,15,28
9269.48,0,05-01-2025 15:00,Jharkhand,Trusted,Fashion,mallicketa@paytm,3,1,11,42
8894.71,0,09-01-2025 02:15,Odisha,Trusted,Travel,nachiket22@paytm,2,2,9,67
8920.91,0,02-01-2025 14:41,Himachal Pradesh,Trusted,Electronics,qthakkar@icici,1,4,6,46
1865.22,0,23-01-2025 00:13,Nagaland,Trusted,Others,damyanti08@icici,3,5,5,43
4650.84,0,17-01-2025 08:37,Tripura,Trusted,Fashion,gerarehaan@sbi,1,5,15,19
5890.66,0,07-01-2025 06:03,Manipur,Trusted,Electronics,krishnamurthyurvashi@yesbank,2,0,10,88
4306.5,1,24-01-2025 06:46,Faridabad,Trusted,Others,jackson24@icici,6,13,19,10
4125.69,0,22-01-2025 04:44,Karnataka,Trusted,Grocery,traval@kotak,1,5,7,31
7958.37,0,01-01-2025 14:38,Telangana,Trusted,Food,xbhargava@icici,2,5,14,98
6183.04,0,14-01-2025 16:00,Gujarat,Trusted,Fashion,kundaraksha@paytm,3,2,8,87
3565.89,0,04-01-2025 10:36,Odisha,Trusted,Fashion,charlesdeshmukh@sbi,2,3,3,49
9425.6,0,01-01-2025 05:55,Goa,Trusted,Travel,waida29@sbi,1,0,2,26
1896.81,1,11-01-2025 04:59,Karaikudi,Untrusted,Food,nikitaswaminathan@axisbank,9,18,20,5
6588.06,0,03-01-2025 00:20,Arunachal Pradesh,Trusted,Fashion,parekhmekhala@yesbank,3,4,7,53
7097.69,0,02-01-2025 12:34,Tripura,Trusted,Fashion,munijackson@icici,3,1,3,93
5125.53,0,02-01-2025 15:12,Uttar Pradesh,Trusted,Travel,ekani48@icici,1,5,8,96
6525.24,0,11-01-2025 16:18,Bihar,Trusted,Travel,oprashad@sbi,2,1,11,27
7290.26,0,05-01-2025 20:51,Gujarat,Trusted,Food,agastya80@yesbank,3,1,9,58
6724.28,0,21-01-2025 05:52,Assam,Trusted,Grocery,wazir16@yesbank,3,4,13,53
5491.67,0,07-01-2025 21:41,Chhattisgarh,Trusted,Food,ivarkey@hdfcbank,2,0,0,88
3935.59,0,11-01-2025 23:55,Uttarakhand,Trusted,Grocery,boraurishilla@axisbank,1,2,9,63
1975.47,0,07-01-2025 14:23,Madhya Pradesh,Trusted,Others,warjassibal@hdfcbank,3,2,10,40
793.14,0,04-01-2025 12:59,Maharashtra,Trusted,Electronics,jainleena@sbi,1,5,8,13
1578.93,0,11-01-2025 05:52,Bihar,Trusted,Grocery,nattoliver@hdfcbank,2,1,2,55
1948.45,0,24-01-2025 01:49,Meghalaya,Trusted,Grocery,zachariahsanaya@kotak,2,2,4,74
